player,age,g,gs,mp,fg,x3p,x2p,ft,trb,ast,stl,blk,tov,pf,pts
Aaron Gordon,24,62,62,32.5,5.4,1.2,4.2,2.4,7.7,3.7,0.8,0.6,1.6,2,14.4
Aaron Holiday,23,66,33,24.5,3.5,1.3,2.2,1.1,2.4,3.4,0.8,0.2,1.3,1.8,9.5
Abdel Nader,26,55,6,15.8,2.2,0.9,1.4,0.9,1.8,0.7,0.4,0.4,0.8,1.4,6.3
Adam Mokoka,21,11,0,10.2,1.1,0.5,0.5,0.2,0.9,0.4,0.4,0,0.2,1.5,2.9
Admiral Schofield,22,33,2,11.2,1.1,0.6,0.5,0.3,1.4,0.5,0.2,0.1,0.2,1.5,3
Al-Farouq Aminu,29,18,2,21.1,1.4,0.5,0.8999999999999999,1.1,4.8,1.2,1,0.4,0.8999999999999999,1.5,4.3
Al Horford,33,67,61,30.2,4.8,1.5,3.3,0.9,6.8,4,0.8,0.9,1.2,2.1,11.9
Alec Burks,28,132,38,26.6,4.890909090909091,1.8,3.090909090909091,3.5863636363636364,4.281818181818182,2.8636363636363638,0.9090909090909091,0.29545454545454547,1.3909090909090909,1.9136363636363636,15.01818181818182
Alen Smailagić,19,14,0,9.9,1.4,0.2,1.2,1.1,1.9,0.9,0.2,0.3,0.8,1,4.2
Alex Caruso,25,64,2,18.4,1.9,0.6,1.3,1.1,1.9,1.9,1.1,0.3,0.8,1.5,5.5
Alex Len,26,110,24,17.60909090909091,3.2227272727272727,0.3090909090909091,2.9136363636363636,1.2227272727272727,5.840909090909091,0.9181818181818182,0.4090909090909091,0.8772727272727273,1.0136363636363637,2.3,7.968181818181818
Alfonzo McKinnie,27,40,1,14.8,1.8,0.4,1.5,0.6,2.8,0.4,0.6,0.2,0.7,1.8,4.6
Alize Johnson,23,17,1,6.9,0.7,0.2,0.5,0.4,2.8,0.4,0.2,0.1,0.4,0.7,2
Allen Crabbe,27,74,2,17.613513513513514,1.7148648648648648,1.0013513513513514,0.7256756756756757,0.27567567567567564,2.0783783783783782,0.9013513513513514,0.3891891891891892,0.08783783783783784,0.47432432432432436,1.287837837837838,4.618918918918919
Allonzo Trier,24,24,1,12.1,2.1,0.8000000000000002,1.3,1.3999999999999997,1.2,1.2,0.10000000000000002,0.20000000000000004,0.9,1.2,6.5
Amile Jefferson,26,18,0,4.1,0.3,0,0.3,0.3,1.3,0.2,0.1,0.2,0.2,0.4,0.8
Amir Coffey,22,18,1,8.8,1.3,0.3,0.8999999999999999,0.3,0.8999999999999999,0.8,0.3,0.1,0.4,1.1,3.2
Andre Drummond,26,114,112,33,7.3,0.0850877192982456,7.214912280701754,2.9649122807017543,15.170175438596493,2.6798245614035086,1.9149122807017545,1.6289473684210525,3.6,3.514912280701754,17.728947368421053
Andre Iguodala,36,21,0,19.9,1.8000000000000003,0.7,1.1,0.3,3.7,2.4,0.7,1,1.2,1.6999999999999997,4.6
Andre Roberson,28,7,0,12.4,1.1,0.4,0.7,0.1,3.9,0.6,0.1,0.4,0.3,1.9,2.9
Andrew Wiggins,24,108,108,34.388888888888886,8.116666666666667,2.0944444444444446,6.022222222222223,3.488888888888889,5.083333333333333,3.688888888888889,0.8166666666666667,1.0055555555555555,2.4055555555555554,2.3777777777777778,21.76666666666667
Anfernee Simons,20,70,4,20.7,3.1,1.1,2,1.1,2.2,1.4,0.4,0.1,0.9,1.9,8.3
Ante Žižić,23,22,0,10,1.9,0,1.9,0.6,3,0.3,0.3,0.2,0.5,1.2,4.4
Anthony Davis,26,62,62,34.4,8.9,1.2,7.7,7.2,9.3,3.2,1.5,2.3,2.5,2.5,26.1
Anthony Tolliver,34,110,26,15.885454545454545,1.1918181818181817,0.89,0.3018181818181818,0.38727272727272727,2.7836363636363637,0.7890909090909091,0.3018181818181818,0.21000000000000002,0.5954545454545455,1.3172727272727274,3.6190909090909087
Antonius Cleveland,25,11,0,4.2,0.4,0,0.4,0.3,0.6,0.1,0.1,0.3,0.2,0.7,1
Anžejs Pasečņiks,24,27,0,16.2,2.3,0,2.3,1.3,4,0.7,0.3,0.4,0.9,2.8,5.8
Aron Baynes,33,42,28,22.2,4.4,1.4,3,1.3,5.6,1.6,0.2,0.5,1.2,3.3999999999999995,11.5
Austin Rivers,27,68,4,23.4,3.1,1.4,1.7,1.1,2.6,1.7,0.7,0.1,0.7,1.9,8.8
Avery Bradley,29,49,44,24.2,3.5,1.3,2.2,0.4,2.3,1.3,0.9,0.1,1,2.2,8.6
B.J. Johnson,24,10,0,8.3,0.9,0.3,0.6,0.9,1.5,0.3,0.3,0,0.6,0.3,3
Bam Adebayo,22,72,72,33.6,6.1,0,6.1,3.7000000000000006,10.2,5.1,1.1,1.3,2.8,2.5,15.899999999999999
Ben McLemore,26,71,23,22.8,3.4,2.5,0.9,0.7,2.2,0.8,0.6,0.2,0.7,2.2,10.1
Ben Simmons,23,57,57,35.4,6.6,0,6.5,3.2,7.8,8,2.1,0.6,3.5,3.3,16.4
Bismack Biyombo,27,53,29,19.399999999999995,2.7999999999999994,0,2.7999999999999994,1.7,5.8,0.9,0.20000000000000004,0.9,0.9,2.2,7.400000000000001
Blake Griffin,30,18,18,28.4,4.9,1.5,3.4,4.2,4.7,3.3,0.4,0.4,2.2,1.5,15.5
Boban Marjanović,31,44,5,9.6,2.8,0.1,2.7,1,4.5,0.5,0.2,0.2,0.7,1.3,6.6
Bobby Portis,24,66,5,21.1,4,1,3,1.1,5.1,1.5,0.5,0.3,1.1,1.7,10.1
Bogdan Bogdanović,27,61,28,29,5.5,2.7,2.8,1.4,3.4,3.4,1,0.2,1.7,2.2,15.1
Bojan Bogdanović,30,63,63,33.1,6.6,3,3.6,4,4.1,2.1,0.5,0.1,2.5,1.7,20.2
Bol Bol,20,7,0,12.4,2,0.6,1.4,1.1,2.7,0.9,0.3,0.9,1.4,1.6,5.7
Brad Wanamaker,30,71,1,19.3,2.3,0.5,1.8,1.8,2,2.5,0.9,0.2,1.1,1.9000000000000001,6.9
Bradley Beal,26,57,57,36,10.4,3,7.4,6.8,4.2,6.1,1.2,0.4,3.4,2.2,30.5
Brandon Clarke,23,58,4,22.4,5.1,0.4,4.7,1.5,5.9,1.4,0.6,0.8,0.9,1.7,12.1
Brandon Goodwin,24,34,1,12.6,2.2,0.8,1.5,0.8,2.1,1.5,0.4,0.1,0.9,1.3,6.1
Brandon Ingram,22,62,62,33.9,8.2,2.4,5.8,5,6.1,4.2,1,0.6,3,2.9,23.8
Brandon Knight,28,50,6,18.51,2.388,1.806,0.6,0.82,1.63,2.764,0.40399999999999997,0.1,1.5019999999999998,1.6119999999999999,7.306
Brian Bowen,21,6,1,5.2,0.5,0,0.5,0,1.2,0,0,0.20000000000000004,0.20000000000000004,0.5,1
Brook Lopez,31,68,67,26.7,4.3,1.5,2.8,1.9,4.6,1.5,0.7,2.4,1,2.4,12
Bruce Brown,23,58,43,28.2,3.4,0.6,2.8,1.5,4.7,4,1.1,0.5,1.7,2.8,8.9
Bruno Caboclo,24,60,0,8.106666666666666,1.3,0.21333333333333335,1.0866666666666667,0.29333333333333333,2,0.4233333333333333,0.5133333333333333,0.5633333333333332,0.4166666666666667,1,2.993333333333333
Bruno Fernando,21,56,13,12.7,1.8,0.1,1.8,0.5,3.5,0.9,0.3,0.3,0.8,1.9,4.3
Bryn Forbes,26,63,62,25.1,3.8,2.3,1.5,1.2,2,1.7,0.5,0,0.9,1.8,11.2
Buddy Hield,27,72,44,30.799999999999997,6.9,3.7999999999999994,3.2,1.6,4.6,3,0.8999999999999999,0.2,2.3,2.3,19.2
C.J. Miles,32,10,0,16.1,1.9,1.1,0.8,1.5,1.2,1.2,1,0.4,0.4,1.4,6.4
Caleb Martin,24,18,1,17.6,2.1,1.1,0.8999999999999999,0.8999999999999999,2.1,1.3,0.7,0.4,0.8,1.7999999999999998,6.2
Caleb Swanigan,22,54,2,10.703703703703704,1.0203703703703704,0,1.0203703703703704,0.3111111111111111,3.7203703703703703,1.1444444444444446,0.1,0.3,1.4092592592592592,2.2925925925925927,2.4018518518518515
Cam Reddish,20,58,34,26.7,3.7,1.4,2.2,1.7,3.7,1.5,1.1,0.5,1.7,2.3,10.5
Cameron Johnson,23,57,9,22,3.1,1.9,1.2,0.8,3.3,1.2,0.6,0.4,0.6,1.5,8.8
Cameron Payne,25,8,0,22.9,4.1,1.9,2.3,0.8,3.9,3,1,0.3,1.4,2.5,10.9
Caris LeVert,25,45,31,29.6,6.9,1.8,5.1,3.1,4.2,4.4,1.2,0.2,2.6,1.8,18.7
Carmelo Anthony,35,58,58,32.8,5.8,1.5,4.3,2.3,6.3,1.5,0.8,0.5,1.7,2.9,15.4
Carsen Edwards,21,37,0,9.5,1.1,0.6,0.5,0.4,1.3,0.6,0.3,0.1,0.4,0.9000000000000001,3.3
Cedi Osman,24,65,65,29.4,4.1,1.9,2.2,1,3.6,2.4,0.8,0.2,1.4,2.5,11
Chandler Hutchison,23,28,10,18.8,2.9,0.4,2.4,1.6,3.9,0.9,1,0.3,1,1.7,7.8
Chandler Parsons,31,5,0,10.8,1,0.8,0.2,0,1.4,0.6,0.8,0.2,0.6,0.6,2.8
Charlie Brown Jr.,22,10,0,4,0.6,0.3,0.3,0.5,0.4,0.2,0.2,0.2,0.3,0.3,2
Chasson Randle,26,3,0,13.300000000000002,0,0,0,1.7,0.6999999999999998,1.7,0.6999999999999998,0,0,1,1.7
Cheick Diallo,23,47,2,10.2,2,0,1.9,0.7,2.8,0.5,0.2,0.3,0.7,1.2,4.7
Chimezie Metu,22,18,0,5.8,1.3,0,1.3,0.6,1.7999999999999998,0.6,0.2,0.3,0.6,0.4,3.2
Chris Boucher,27,62,0,13.2,2.3,0.6,1.7,1.5,4.5,0.4,0.4,1,0.5,1.8,6.6
Chris Chiozza,24,56,4,14.296428571428573,1.9821428571428572,0.9785714285714285,1.0035714285714286,0.19642857142857142,1.8928571428571428,2.9964285714285714,0.7714285714285715,0.11785714285714287,1.1285714285714286,1.3142857142857143,5.089285714285714
Chris Clemons,22,33,0,8.8,1.7,1.1,0.6,0.3,0.9,0.8,0.3,0.2,0.6,0.8,4.9
Chris Paul,34,70,70,31.5,6.2,1.6,4.6,3.6,5,6.7,1.6,0.2,2.3,2.3,17.6
Chris Silva,23,44,0,7.9,1.1,0,1.1,0.8,2.9,0.5,0.2,0.5,0.7,1.9,3
Christian Wood,24,62,12,21.4,4.6,0.9,3.8,2.9,6.3,1,0.5,0.9,1.4,1.6,13.1
CJ McCollum,28,70,70,36.5,8.7,2.8,6,2,4.2,4.4,0.8,0.6,1.8,2.6,22.2
Clint Capela,25,39,39,32.8,6.3,0,6.3,1.4,13.8,1.2,0.8,1.8,1.6,2.6,13.9
Coby White,19,65,1,25.8,4.8,2,2.8,1.6,3.5,2.7,0.8,0.1,1.7,1.8,13.2
Cody Martin,24,48,3,18.8,1.8999999999999997,0.4000000000000001,1.5,0.9,3.2999999999999994,2,0.8000000000000002,0.20000000000000004,0.9,1.6000000000000003,5
Cody Zeller,27,58,39,23.1,4.3,0.3,4,2.1,7.1,1.5,0.7,0.4,1.3,2.4,11.1
Collin Sexton,21,65,65,33,7.9,1.5,6.4,3.5,3.1,3,1,0.1,2.4,2.2,20.8
Corey Brewer,33,5,0,6.6,0.4,0,0.4,0.2,1.6,0.4,0.8,0,0.4,1.4,1
Cory Joseph,28,72,26,24.4,2.4,0.8,1.6,0.8,2.6,3.5,0.7,0.3,1.1,1.7999999999999998,6.4
Courtney Lee,34,24,9,14.4,1.7,0.9,0.8000000000000002,0.3,1.3,0.5,0.8000000000000002,0.3,0.5,1.3999999999999997,4.5
Cristiano Felício,27,22,0,17.5,1.5,0,1.5,0.8,4.6,0.7,0.5,0.1,0.8,1.5,3.9
D'Angelo Russell,23,90,90,32.28,8.016666666666667,3.4966666666666666,4.483333333333333,3.58,3.92,6.303333333333333,1.0666666666666667,0.3,3.293333333333333,1.8866666666666667,23.096666666666664
D.J. Augustin,32,57,13,24.9,3.2,1.2,2,2.8,2.1,4.6,0.6,0,1.5,1.3,10.5
D.J. Wilson,23,37,1,9.8,1.4,0.5,0.9000000000000001,0.3,2.5,0.7,0.1,0.1,0.5,0.9000000000000001,3.6000000000000005
Damian Jones,24,55,27,16.1,2.2,0,2.2,1.1,3.7,0.6,0.5,0.7,0.5,2.7,5.6
Damian Lillard,29,66,66,37.5,9.5,4.1,5.4,7,4.3,8,1.1,0.3,2.9,1.7,30
Damion Lee,27,49,36,29,4.3,1.7,2.6,2.2,4.9,2.7,1,0.1,1.4,2.4,12.7
Damyean Dotson,25,48,0,17.4,2.5,1.2,1.3,0.5,1.8999999999999997,1.2,0.5,0.10000000000000002,0.4000000000000001,0.9,6.7
Daniel Gafford,21,43,7,14.200000000000001,2.2,0,2.2,0.7,2.5,0.5,0.3,1.3,0.7,2.3,5.1
Daniel Theis,27,65,64,24.1,3.7,0.5,3.2,1.3,6.6,1.7,0.6,1.3,0.8,3.4,9.2
Danilo Gallinari,31,62,62,29.6,5.8,2.9,2.9,4.3,5.2,1.9,0.7,0.1,1.2,1.2,18.7
Danny Green,32,68,68,24.8,2.9,1.8,1.1,0.5,3.3,1.3,1.3,0.5,0.9,2,8
Dante Exum,24,70,2,13.88857142857143,1.5928571428571427,0.40285714285714286,1.19,0.9271428571428573,1.9114285714285717,1.1242857142857141,0.3871428571428572,0.23428571428571426,0.9,1.1057142857142859,4.515714285714285
Danuel House Jr.,26,63,52,30.4,3.7,2,1.6,1.2,4.2,1.3,1.1,0.5,0.9,2.1,10.5
DaQuan Jeffries,22,13,0,10.8,1.5,0.4,1.2,0.4,1.4,0.5,0.3,0.1,0.2,1.5,3.8
Dario Šarić,25,66,51,24.7,3.8999999999999995,1.3,2.6,1.6,6.2,1.9,0.6,0.2,1.3,2.4,10.7
Darius Bazley,19,61,9,18.5,2,0.8,1.2,0.7,4,0.7,0.4,0.7,0.7,0.9,5.6
Darius Garland,20,59,59,30.9,4.7,1.8,3,1.1,1.9,3.9,0.7,0.1,2.6,1.6,12.3
Daryl Macon,24,4,0,3.5,0.3,0.3,0,0,0,0.3,0,0,0.5,0.3,0.8
David Nwaba,27,20,0,13.4,1.9,0.6,1.3,0.9,2.3,0.4,0.6,0.6,0.4,1.6,5.2
Dāvis Bertāns,27,54,4,29.3,4.9,3.7,1.2,1.9,4.5,1.7,0.7,0.6,1.1,2.6,15.4
De'Aaron Fox,22,51,49,32,7.7,1.1,6.6,4.7,3.8,6.8,1.5,0.5,3.1,2.8,21.1
De'Andre Hunter,22,63,62,32,4.4,1.7,2.7,1.7,4.5,1.8,0.7,0.3,1.6,2.9,12.3
De'Anthony Melton,21,60,8,19.5,2.7,0.7,2,1.6,3.7,2.9,1.3,0.3,1.4,1.8,7.6
Dean Wade,23,12,0,5.900000000000001,0.8000000000000002,0.20000000000000004,0.6,0,1.6000000000000003,0.20000000000000004,0.20000000000000004,0.3,0.3,0.6999999999999998,1.7
DeAndre' Bembry,25,43,4,21.3,2.4,0.3,2.1,0.6,3.5,1.9000000000000001,1.3,0.39999999999999997,1.4,2,5.8
Deandre Ayton,21,38,32,32.5,8.2,0.1,8.1,1.8,11.5,1.9000000000000001,0.7,1.5,2.1,3.1,18.2
DeAndre Jordan,31,56,6,22,3.4,0,3.4,1.5,10,1.9,0.3,0.9,1.3,2,8.3
Dejounte Murray,23,66,58,25.6,4.5,0.6,3.8,1.4,5.8,4.1,1.7,0.3,1.9,2.2,10.9
Delon Wright,27,73,5,21.5,2.6,0.6,2,1.1,3.8,3.3,1.2,0.3,1,1.3,6.9
DeMar DeRozan,30,68,68,34.1,8.2,0.1,8.1,5.6,5.5,5.6,1,0.3,2.4,2.6,22.1
DeMarre Carroll,33,48,0,12.087499999999999,1.0250000000000001,0.32499999999999996,0.6999999999999998,1.2062499999999998,2.3125,1.01875,0.3125,0.1875,0.71875,1.3,3.6125000000000003
Dennis Schröder,26,65,2,30.8,7,1.9,5,3,3.6,4,0.7,0.2,2.6,2.2,18.9
Dennis Smith Jr.,22,34,3,15.8,2.1,0.5,1.6,0.8,2.3,2.9,0.8,0.2,1.7,1.9,5.5
Denzel Valentine,26,36,5,13.6,2.7,1.3,1.4,0.2,2.1,1.2,0.7,0.2,0.7,1.4,6.8
Deonte Burton,26,39,0,9.1,1.1,0.3,0.8,0.2,1.5,0.4,0.2,0.3,0.5,0.9,2.7
Derrick Favors,28,51,49,24.4,4.1,0,4.1,0.8,9.8,1.6,0.6,0.9,1.1,2.1,9
Derrick Jones Jr.,22,59,16,23.3,3.1,0.6,2.5,1.6,3.9,1.1,1,0.6,0.5,2.2,8.5
Derrick Rose,31,50,15,26,7.4,0.9,6.5,2.4,2.4,5.6,0.8,0.3,2.5,1,18.1
Derrick Walton,24,52,2,9.542307692307691,0.6769230769230768,0.3942307692307692,0.2826923076923077,0.2826923076923077,0.6269230769230768,1.0403846153846155,0.29615384615384616,0,0.2057692307692308,0.7942307692307693,2.0307692307692307
Derrick White,25,68,20,24.7,3.7,1.2,2.6,2.6,3.3,3.5,0.6,0.9,1.3,2.2,11.3
Devin Booker,23,70,70,35.9,9,2,6.9,6.7,4.2,6.5,0.7,0.3,3.8,3,26.6
Devon Hall,24,11,0,7.4,0.5,0.4,0.2,0.4,0.6,1.2,0.4,0.1,0.5,0.5,1.8
Devontae Cacok,23,1,0,9,3,0,3,0,5,1,0,0,0,0,6
Devonte' Graham,24,63,53,35.1,5.8,3.5,2.4,3,3.4,7.5,1,0.2,2.9,1.8,18.2
Dewan Hernandez,23,6,0,4.7,0.8000000000000002,0.20000000000000004,0.6999999999999998,0.5,2.3,0.5,0.20000000000000004,0,0.5,1,2.3
Dewayne Dedmon,30,88,36,17.59090909090909,2.2977272727272724,0.4954545454545455,1.8022727272727275,0.7,5.675000000000001,0.4840909090909091,0.5681818181818182,0.9295454545454547,1.3045454545454545,2.997727272727273,5.79090909090909
Dillon Brooks,24,73,73,28.9,6,2,3.9,2.2,3.3,2.1,0.9,0.4,1.7,3.8,16.2
Dion Waiters,28,20,0,20.71,4.085,1.5050000000000001,2.5949999999999998,1.4,2.42,1.9899999999999998,0.41,0.615,1.6149999999999998,2.11,11.11
Domantas Sabonis,23,62,62,34.8,7.4,0.3,7.1,3.5,12.4,5,0.8,0.5,2.7,3.1,18.5
Donovan Mitchell,23,69,69,34.3,8.7,2.5,6.2,4,4.4,4.3,1,0.2,2.7,2.5,24
Donta Hall,22,18,0,14.788888888888891,1.6944444444444444,0,1.6944444444444444,1,4.222222222222222,0.4222222222222222,0.3277777777777777,0.6944444444444444,0.5777777777777777,2.588888888888889,4.316666666666666
Donte DiVincenzo,23,66,24,23,3.5,1.3,2.3,1,4.8,2.3,1.3,0.3,1.4,1.7,9.2
Dorian Finney-Smith,26,71,68,29.900000000000002,3.4,1.6,1.8,1.1,5.7,1.6,0.6,0.5,1,2.5,9.5
Doug McDermott,28,69,0,19.9,3.8999999999999995,1.9,2,0.7,2.5,1.1,0.2,0.1,0.6,1.7,10.3
Dragan Bender,22,32,6,17.896874999999998,2.5625,0.91875,1.615625,0.61875,4.59375,1.7750000000000001,0.2625,0.5656249999999999,1.309375,2.61875,6.690625
Draymond Green,29,43,43,28.400000000000002,2.9,0.7999999999999999,2,1.5,6.2,6.2,1.4,0.7999999999999999,2.3,2.6,8
Drew Eubanks,22,22,3,12.4,2,0,1.9,0.9,3.9,0.7,0.2,0.8,1,1.7,4.9
Duncan Robinson,25,73,68,29.7,4.4,3.7,0.7,0.9,3.2,1.4,0.5,0.3,1,2.6,13.5
Dusty Hannahs,26,2,0,6.5,2,1,1,1,0.5,0,0,0,0,0.5,6
Dwayne Bacon,24,39,11,17.6,2.2,0.5,1.7,0.9,2.6,1.3,0.6,0.1,0.9,1.3,5.7
Dwight Howard,34,69,2,18.9,2.9,0,2.9,1.6,7.3,0.7,0.4,1.1,1.2,3.2,7.5
Dwight Powell,28,40,37,26.5,3.7,0.3,3.4,1.9,5.7,1.5,0.9,0.6,0.9,2.6,9.4
Džanan Musa,20,40,0,12.2,1.6,0.5,1.1,1.1,2.2,1.1,0.4,0,0.9,0.8,4.8
E'Twaun Moore,30,56,6,18.2,3.3,1.1,2.2,0.6,2.3,1.4,0.6,0.2,0.7,1.4,8.3
Ed Davis,30,28,1,10.8,0.8,0,0.8,0.3,3.8,0.4,0.4,0.3,0.5,2.2,1.8
Edmond Sumner,24,31,3,14.4,2,0.5,1.5,0.5,1.5,1.8,0.5,0.3,0.7,1.4,4.9
Elfrid Payton,25,45,36,27.7,4.3,0.3,4,1.1,4.7,7.2,1.6,0.4,2.1,2,10
Elie Okobo,22,55,3,13.1,1.3,0.5,0.9,0.9,1.6,2.1,0.4,0.1,0.7,1,4
Emmanuel Mudiay,23,54,2,15.7,2.8,0.6,2.2,1.2,2.3,2.1,0.4,0.2,1.4,1.3,7.3
Enes Freedom,27,58,7,16.9,3.4,0,3.4,1.2,7.4,1,0.4,0.7,1,1.7,8.1
Eric Bledsoe,30,61,61,27,5.5,1.2,4.3,2.8,4.6,5.4,0.9,0.4,2.4,2.1,14.9
Eric Gordon,31,36,15,28.2,4.8,2.7,2.1,2.3,2,1.5,0.6,0.4,1.2,1.8999999999999997,14.399999999999999
Eric Mika,25,1,0,19,2,0,2,2,7,0,0,0,0,5,6
Eric Paschall,23,60,26,27.6,5.3,0.6,4.7,2.7,4.6,2.1,0.5,0.2,1.6,2.1,14
Ersan İlyasova,32,63,8,15.7,2.3,0.8,1.5,1.1,4.8,0.8,0.4,0.3,0.5,1.5,6.6
Evan Fournier,27,66,66,31.5,6.6,2.6,4,2.7,2.6,3.2,1.1,0.2,1.9,2.4,18.5
Evan Turner,31,19,0,13.2,1.3,0,1.3,0.6,2,2,0.5,0.4,1.4,1.1,3.3
Frank Jackson,21,59,2,13.5,2.3,0.8,1.5,0.9,1.4,1,0.3,0.1,0.8,1.3,6.3
Frank Kaminsky,26,39,13,19.9,3.5,1.1,2.5,1.6,4.5,1.9,0.4,0.3,0.9,1.9,9.7
Frank Mason III,25,9,0,13.1,2.6,0.7,1.8999999999999997,1.1,2.1,3.2,0.6,0.1,1.2,1.2,6.9
Frank Ntilikina,21,57,26,20.8,2.3,0.8,1.5,0.9,2.1,3,0.9,0.3,1.2,2.5,6.3
Fred VanVleet,25,54,54,35.7,5.9,2.7,3.2,3.1,3.8,6.6,1.9,0.3,2.2,2.4,17.6
Furkan Korkmaz,22,72,12,21.7,3.4,2,1.4,1.1,2.3,1.1,0.6,0.2,0.8,1.4,9.8
Gabe Vincent,23,9,0,9.2,0.8999999999999999,0.7,0.2,0,0.6,0.7,0.6,0,0.1,0.7,2.4
Garrett Temple,33,62,35,27.9,3.6,2,1.5,1.1,3.5,2.5,0.8,0.5,1,1.7,10.3
Garrison Mathews,23,18,0,12.6,1.3,1.1,0.3,1.7,1.3,0.6,0.4,0.1,0.4,1.7999999999999998,5.4
Gary Clark,25,84,10,13.507142857142858,1.3,0.9214285714285715,0.37857142857142856,0.19285714285714284,2.6,0.4071428571428572,0.1285714285714286,0.5071428571428571,0.20714285714285713,1.0928571428571427,3.7142857142857144
Gary Harris,25,56,55,31.8,3.9,1.3,2.6,1.3,2.9,2.1,1.4,0.3,1.1,2.1,10.4
Gary Payton II,27,29,17,14.9,1.7,0.4,1.2,0.1,2.8,1.7,1.1,0.2,0.7,1.9,3.9
Gary Trent Jr.,21,61,8,21.8,3.2,1.8,1.4,0.6,1.6,1,0.8,0.3,0.3,1.5,8.9
George Hill,33,59,2,21.5,3.3,1.4,1.9,1.4,3,3.1,0.8,0.1,1,1.4,9.4
Georges Niang,26,66,1,14,2.1,1.4,0.8,0.3,1.9,0.7,0.3,0.1,0.5,1.1,5.9
Giannis Antetokounmpo,25,63,63,30.4,10.9,1.4,9.5,6.3,13.6,5.6,1,1,3.7,3.1,29.5
Glenn Robinson III,26,124,104,28.81129032258065,4.624193548387097,1.2096774193548385,3.414516129032258,1.1935483870967742,4.369354838709678,1.5370967741935484,0.8661290322580646,0.27741935483870966,0.8822580645161291,1.6048387096774193,11.712903225806452
Goga Bitadze,20,54,2,8.7,1.3,0.1,1.1,0.4,2,0.4,0.2,0.7,0.5,1.2,3.2
Goran Dragić,33,59,3,28.2,5.4,2.1,3.3,3.2,3.2,5.1,0.7,0.2,2.4,2.1,16.2
Gordon Hayward,29,52,52,33.5,6.700000000000001,1.6,5.1,2.4,6.700000000000001,4.1,0.7,0.4,1.8000000000000003,1.8000000000000003,17.5
Gorgui Dieng,30,126,34,17.392857142857142,2.623015873015873,0.8825396825396825,1.7904761904761906,1.2079365079365079,5.626984126984126,1.196031746031746,0.8,0.9134920634920635,0.9865079365079364,1.9769841269841268,7.373015873015874
Grant Williams,21,69,5,15.099999999999998,1.3,0.3,0.9,0.6,2.6,1,0.4,0.5,0.7,2.4,3.4
Grayson Allen,24,38,0,18.9,3.1,1.5,1.6,1,2.2,1.4,0.3,0.1,0.9,1.4,8.7
Hamidou Diallo,21,46,3,19.5,2.9,0.3,2.5,0.8,3.6,0.8,0.8,0.2,1.1,2.2,6.9
Harrison Barnes,27,72,72,34.5,5.1,1.4,3.7000000000000006,3,4.9,2.2,0.6,0.2,1.2,1.3,14.5
Harry Giles,21,46,17,14.5,3,0,3,0.8,4.1,1.3,0.5,0.4,1,2.6,6.9
Hassan Whiteside,30,67,61,30,6.5,0.1,6.4,2.4,13.5,1.2,0.4,2.9,1.8,2.9,15.5
Henry Ellenson,23,5,0,3,0.2,0,0.2,0,1.2,0.2,0,0,0,0.2,0.4
Ian Mahinmi,33,38,35,21.3,2.7,0.1,2.6,1.8,5.7,1.3,0.8,1.2,1.2,3,7.3999999999999995
Ignas Brazdeikis,21,9,0,5.9,0.7,0.1,0.6,0.4,0.6,0.4,0,0.1,0.2,0.3,1.8999999999999997
Iman Shumpert,29,13,0,18.5,1.6,0.6,1,0.3,2.6000000000000005,0.9000000000000001,0.9000000000000001,0.2,0.8,1.6,4.2
Isaac Bonga,20,66,49,18.9,1.8,0.4,1.4,1,3.4,1.2,0.7,0.3,0.9,2.4,5
Isaiah Hartenstein,21,23,2,11.6,1.9,0,1.9,0.8,3.9,0.8,0.4,0.5,0.7,1.8,4.7
Isaiah Roby,21,3,0,3.7000000000000006,0,0,0,0,0.6999999999999998,0,0,0,0.3,0.3,0
Isaiah Thomas,30,40,37,23.1,4.4,2,2.4,1.6,1.7,3.7,0.3,0.2,1.9,1.9,12.2
Ish Smith,31,68,23,26.3,4.5,0.9,3.6,0.9,3.2,4.9,0.9,0.4,1.4,1.6,10.9
Ivica Zubac,22,72,70,18.4,3.3,0,3.3,1.7,7.5,1.1,0.2,0.8999999999999999,0.8,2.3,8.3
J.J. Barea,35,29,6,15.5,2.9,1.1,1.8,0.7,1.8,3.9,0.2,0.1,1.3,0.9,7.7
J.J. Redick,35,60,36,26.4,4.8,3,1.8,2.8,2.5,2,0.3,0.2,1.3,1.6,15.3
J.P. Macura,24,1,0,1,0,0,0,0,0,0,0,0,0,0,0
J.R. Smith,34,6,0,13.199999999999998,1.2,0.20000000000000004,1,0.3,0.8000000000000002,0.5,0.20000000000000004,0,0.6999999999999998,0.8000000000000002,2.7999999999999994
Ja Morant,20,67,67,31,6.7,0.9,5.8,3.6,3.9000000000000004,7.3,0.9,0.3,3.3,1.6,17.8
Jabari Parker,24,76,46,24.13157894736842,5.786842105263158,0.8368421052631579,4.9,1.618421052631579,5.626315789473684,1.7921052631578949,1.186842105263158,0.4263157894736842,1.7052631578947368,2.6,13.986842105263158
Jacob Evans,22,58,2,14.391379310344828,1.5913793103448277,0.4327586206896552,1.1086206896551725,0.8689655172413794,1.3982758620689655,1.0620689655172415,0.3862068965517242,0.3862068965517242,0.8689655172413794,1.3982758620689655,4.387931034482759
Jae Crowder,29,130,106,28.838461538461537,3.5076923076923077,2.0846153846153848,1.3884615384615384,1.5076923076923077,5.926923076923077,2.496153846153846,1.0961538461538463,0.38076923076923075,1.0884615384615384,2.203846153846154,10.507692307692308
Jahlil Okafor,24,30,9,15.6,3.4,0,3.3,1.3,4.2,1.2,0.2,0.7,1.3,2.2,8.1
JaKarr Sampson,26,34,12,13.9,2,0.1,1.9,0.5,2.6,0.6,0.5,0.4,0.4,1.9,4.6
Jake Layman,25,23,2,22,3.5,1,2.5,1,2.5,0.7,0.7,0.4,1,2,9.1
Jakob Poeltl,24,66,18,17.7,2.5,0,2.5,0.6,5.7,1.8,0.6,1.4,0.8,1.9,5.6
Jalen Brunson,23,57,16,17.9,3.2,0.8,2.4,1.1,2.4,3.3,0.4,0.1,1.2,1.3,8.2
Jalen Lecque,19,5,0,6.4,0.8,0,0.8,0.4,0.4,0.4,0,0,0.4,0.6,2
Jalen McDaniels,22,16,0,18.3,2.1,0.6,1.5,0.9,4.1,0.8,0.5,0.2,0.7,2.3,5.6
Jamal Crawford,39,1,0,6,2,1,1,0,0,3,0,0,0,1,5
Jamal Murray,22,59,59,32.3,6.9,1.9,5,2.8,4,4.8,1.1,0.3,2.2,1.7,18.5
James Ennis III,29,138,36,18.31086956521739,2.294927536231884,0.8144927536231884,1.5159420289855072,1.1369565217391304,3.596376811594203,0.8934782608695653,0.5144927536231884,0.3144927536231884,0.8159420289855072,1.9804347826086957,6.591304347826086
James Harden,30,68,68,36.5,9.9,4.4,5.5,10.2,6.6,7.5,1.8,0.9,4.5,3.3,34.3
James Johnson,32,64,2,19.309375000000003,3.225,1.015625,2.209375,0.9625,3.69375,2.3187499999999996,0.790625,1.003125,1.5,2.5062499999999996,8.428125
JaMychal Green,29,63,1,20.7,2.4,1.5,0.9,0.6,6.2,0.8,0.5,0.4,0.9,2.8,6.8
Jared Dudley,34,45,1,8.1,0.5,0.4,0.1,0,1.2,0.6,0.3,0.1,0.2,0.9,1.5
Jared Harper,22,3,0,2.7000000000000006,0.3,0,0.3,0,0,0,0,0,0,0,0.6999999999999998
Jaren Jackson Jr.,20,57,57,28.5,6.2,2.5,3.6,2.4,4.6,1.4,0.7,1.6,1.7,4.1,17.4
Jarred Vanderbilt,20,22,0,4.209090909090909,0.49545454545454537,0,0.49545454545454537,0.19090909090909092,0.8136363636363636,0.18181818181818182,0.2727272727272727,0.09090909090909091,0.6272727272727273,0.5363636363636364,1.0909090909090908
Jarrell Brantley,23,9,0,10.7,1.1,0.3,0.8,0.1,2.2,1.2,0.3,0.6,0.8,0.8,2.7
Jarrett Allen,21,70,64,26.5,4.3,0,4.3,2.4,9.6,1.6,0.6,1.3,1.1,2.3,11.1
Jarrett Culver,20,63,35,23.9,3.7,1,2.6,0.9,3.4,1.7,0.9,0.6,1.3,2,9.2
Jarrod Uthoff,26,14,0,7.5857142857142845,1.0142857142857142,0.4142857142857143,0.6,0.2928571428571428,0.9,0,0.1357142857142857,0,0,0.3,2.7071428571428577
JaVale McGee,32,68,68,16.6,2.9,0,2.8,0.8,5.7,0.5,0.5,1.4,0.8,2.3,6.6
Javonte Green,26,48,2,9.8,1.3,0.20000000000000004,1.1,0.6,1.8999999999999997,0.5,0.5,0.20000000000000004,0.5,0.9,3.4
Jaxson Hayes,19,64,14,16.9,2.7,0,2.7,1.9,4,0.9,0.4,0.9,0.8,2.5,7.4
Jaylen Brown,23,57,57,33.9,7.5,2.3,5.2,3.1,6.4,2.1,1.1,0.4,2.2,2.9,20.3
Jaylen Hoard,20,13,0,7.9,1.2,0,1.2,0.6,2.5,0.3,0.4,0,0.3,0.9000000000000001,2.8999999999999995
Jaylen Nowell,20,15,0,10.1,1.3,0.2,1.1,1.1,0.9,1.3,0.2,0.1,0.2,0.7,3.8
Jayson Tatum,21,66,66,34.3,8.4,2.9,5.5,3.8,7,3,1.4,0.9,2.3,2.1,23.4
Jeff Green,33,96,8,19.9875,3.3125,1.29375,2.0187500000000003,1.4937500000000001,2.7874999999999996,1.0374999999999999,0.525,0.3875,0.8812500000000001,1.8687499999999997,9.425
Jeff Teague,31,118,34,24.816949152542374,3.6110169491525426,0.7228813559322034,2.8881355932203387,2.91864406779661,2.4152542372881354,5.205084745762712,0.721186440677966,0.3076271186440678,1.9728813559322036,1.8016949152542374,10.884745762711866
Jerami Grant,25,71,24,26.6,4.3,1.4,2.9,2.1,3.5,1.2,0.7,0.8,0.9,2.2,12
Jeremiah Martin,23,9,0,11,2.7,0.6,2.1,1.2,1.1,2,0.8,0.2,0.4,0.8,7.1
Jeremy Lamb,27,46,42,28.1,4.7,1.2,3.5,2,4.3,2.1,1.2,0.5,1.1,2.3,12.5
Jeremy Pargo,33,3,0,14.699999999999998,3.7000000000000006,1,2.7000000000000006,0,1,2.7000000000000006,0.3,0,1.3,2.7000000000000006,8.3
Jerian Grant,27,6,0,13.300000000000002,1.7,0.3,1.3,0.8000000000000002,1,1.5,0.20000000000000004,0.20000000000000004,0.5,1.8,4.5
Jerome Robinson,22,126,12,15.516666666666666,1.8166666666666667,0.8,1.0166666666666666,0.6333333333333333,2.0166666666666666,1.4,0.4166666666666667,0.2833333333333334,0.7833333333333333,1.7833333333333334,5.083333333333333
Jevon Carter,24,58,2,16.3,1.7,1.1,0.7,0.4,2,1.4,0.8,0.3,0.6,1.5,4.9
Jimmy Butler,30,58,58,33.8,5.9,0.5,5.4,7.6,6.7,6,1.8,0.6,2.2,1.4,19.9
Joakim Noah,34,5,0,10,0.8,0,0.8,1.2,3.2,1.4,0.2,0.2,1.2,1.8,2.8
Joe Chealey,24,4,0,8.3,0,0,0,0.5,0,0.3,1,0,0.5,0.5,0.5
Joe Harris,28,69,69,30.800000000000004,5.5,2.5,3,0.9,4.3,2.1,0.6,0.2,1.5,2.3,14.5
Joe Ingles,32,72,45,29.700000000000003,3.4,2,1.5,1,3.9000000000000004,5.2,0.8999999999999999,0.2,2,2.1,9.8
Joel Embiid,25,51,51,29.5,7.5,1.1,6.4,6.9,11.6,3,0.9,1.3,3.1,3.4,23
John Collins,22,41,41,33.2,8.6,1.4,7.199999999999999,2.9,10.1,1.5,0.8000000000000002,1.6000000000000003,1.7999999999999998,3.4000000000000004,21.6
John Henson,29,80,16,14.998750000000001,2.3875,0.2,2.1875,0.5862499999999999,4.06875,1.38125,0.6137499999999999,1.0725,0.8962499999999999,1.9774999999999998,5.5112499999999995
John Konchar,23,19,0,9.5,1.3,0.3,1,0.1,2.5,1.2,0.4,0.2,0.4,0.4,2.8
Johnathan Motley,24,13,0,3.2,0.8,0.1,0.8,0.4,0.8,0.6,0.2,0,0.4,0.5,2.2
Johnathan Williams,24,15,6,12,1.3,0,1.3,0.5,4.3,0.5,0.1,0.5,0.3,1.1,3
Jonah Bolden,24,14,0,6.707142857142857,0.5928571428571429,0,0.5928571428571429,0.29999999999999993,1.3142857142857145,0,0.43571428571428567,0.29999999999999993,0.2928571428571428,1.4142857142857141,1.4142857142857141
Jonas Valančiūnas,27,70,70,26.4,6.2,0.5,5.7,2.1,11.3,1.9,0.4,1.1,1.8,2.6,14.9
Jonathan Isaac,22,34,32,28.8,4.6,0.9,3.6,1.8,6.8,1.4,1.6,2.3,1.4,2.4,11.9
Jordan Bell,25,58,0,8.812068965517241,1.2103448275862068,0.1310344827586207,1.0793103448275863,0.6637931034482759,2.8017241379310347,0.5672413793103448,0.11379310344827587,0.33620689655172414,0.7275862068965516,0.6637931034482759,3.2155172413793105
Jordan Bone,22,10,0,5.3,0.5,0.2,0.3,0,0.4,0.8,0.1,0,0.2,0.6,1.2
Jordan Clarkson,27,142,4,24.002816901408448,5.545774647887324,2.109154929577465,3.386619718309859,1.9246478873239437,2.6183098591549294,1.9133802816901408,0.6295774647887324,0.22042253521126762,1.3795774647887322,1.5070422535211268,15.195774647887324
Jordan McLaughlin,23,30,2,19.7,2.9,1,1.9,0.9,1.6,4.2,1.1,0.1,1,1,7.6
Jordan McRae,28,74,8,21.213513513513515,4.018918918918919,1.2189189189189187,2.805405405405405,2.2216216216216216,3.3864864864864863,2.4986486486486483,0.6013513513513513,0.41216216216216217,1.1797297297297298,1.9851351351351352,11.52837837837838
Jordan Poole,20,57,14,22.4,2.9,1.3,1.6,1.7,2.1,2.4,0.6,0.2,1.3,1.6,8.8
Josh Gray,26,2,0,11.5,0.5,0,0.5,0,1,1,0,0,2.5,0.5,1
Josh Hart,24,65,16,27,3.5,1.9,1.6,1.3,6.5,1.7,1,0.4,1.2,2.5,10.1
Josh Jackson,22,22,0,17.3,3.2,1,2.1,1.6,3,1.6,0.8,0.4,1.3,1.8,9
Josh Magette,30,8,0,4.8,0.6,0.1,0.5,0.1,0.8,0.6,0.4,0.1,0.6,0.5,1.5
Josh Okogie,21,62,28,25,2.7,0.7,2.1,2.5,4.3,1.6,1.1,0.4,1.4,2.2,8.6
Josh Reaves,22,4,0,7,0.8,0,0.8,0.5,0.8,0.8,0,0,0,1.3,2
Josh Richardson,26,55,53,30.8,5.1,1.5,3.5,2.1,3.2,2.9,0.9,0.7,1.9,2.5,13.7
Jrue Holiday,29,61,61,34.7,7.5,2,5.5,2.1,4.8,6.7,1.6,0.8,3,2.4,19.1
Juan Toscano-Anderson,26,13,6,20.9,2.2,0.6,1.6,0.2,4,2,1,0.4,1.2,2.3,5.299999999999999
Juancho Hernangómez,24,96,28,17.379166666666666,2.0812500000000003,0.8979166666666667,1.1979166666666667,0.9187500000000001,4.10625,0.8020833333333334,0.38125000000000003,0.1791666666666667,0.6729166666666666,1.3333333333333333,5.979166666666667
Julius Randle,25,64,64,32.5,7.2,1,6.2,4,9.7,3.1,0.8,0.3,3,2.8,19.5
Justin Anderson,26,10,1,10.7,1,0.6,0.4,0.2,2.1,0.8,0,0.6,0.4,1.3,2.8
Justin Holiday,30,73,6,25,2.8,1.8,1,0.7,3.3,1.3,1.2,0.6,0.6,1.9,8.3
Justin Jackson,24,65,3,16.1,2.1,0.7,1.3,0.6,2.4,0.8,0.2,0.2,0.2,1.1,5.5
Justin James,23,36,0,6.4,1,0.3,0.7,0.3,0.8999999999999999,0.5,0.2,0.3,0.2,0.5,2.5
Justin Patton,22,5,0,4.8,0.8,0.2,0.6,0,1,0.4,0,0,0.4,0.8,1.8
Justin Robinson,22,9,0,5.4,0.6,0.3,0.2,0,0.6,0.8,0,0.1,0.3,0.2,1.4
Justin Wright-Foreman,22,4,0,11.3,1.8,0.5,1.3,0.8,1.3,1.8,0.5,0,0.8,1.3,4.8
Justise Winslow,23,11,5,32,4.5,0.5,4,1.6,6.6,4,0.6,0.5,2.2,3.5,11.3
Jusuf Nurkić,25,8,8,31.6,6.8,0.3,6.5,3.9,10.3,4,1.4,2,2.4,4.9,17.6
Juwan Morgan,22,21,0,6.4,0.7,0.1,0.6,0.1,1.4,0.3,0,0.1,0.3,0.9000000000000001,1.6999999999999997
Kadeem Allen,27,10,0,11.7,1.9,0.5,1.4,0.7,0.9,2.1,0.5,0.2,0.8,0.7,5
Karl-Anthony Towns,24,35,35,33.9,9,3.3,5.8,5.1,10.8,4.4,0.9,1.2,3.1,3.3,26.5
Kawhi Leonard,28,57,57,32.4,9.3,2.2,7.2,6.2,7.1,4.9,1.8,0.6,2.6,2,27.1
Keita Bates-Diop,24,88,0,16.92159090909091,2.3102272727272726,0.7681818181818183,1.4920454545454547,1.1920454545454544,2.9022727272727273,0.6863636363636364,0.43409090909090914,0.5079545454545454,0.4,1,6.530681818181819
Kelan Martin,24,31,4,16,2.3,0.8,1.5,1,3.1,0.7,0.2,0.3,0.6,1.6,6.4
Keldon Johnson,20,17,1,17.7,3.1,0.8,2.4,2.1,3.4,0.9,0.8,0.1,0.8,1.6,9.1
Kelly Olynyk,28,67,9,19.4,2.7,1.4,1.3,1.3,4.6,1.7,0.7,0.3,1.1,2.6,8.2
Kelly Oubre Jr.,24,56,55,34.5,6.7,1.9,4.7,3.4,6.4,1.5,1.3,0.7,1.5,3.4,18.7
Kemba Walker,29,56,56,31.1,6.8,3.2,3.5,3.7,3.9,4.8,0.9,0.5,2.1,1.6,20.4
Kendrick Nunn,24,67,67,29.3,6,2,3.9000000000000004,1.3,2.7,3.3,0.8,0.2,1.7,2.3,15.300000000000002
Kenrich Williams,25,39,18,21.3,1.3,0.6,0.7,0.2,4.8,1.5,0.7,0.5,0.6,2.3,3.5
Kent Bazemore,30,136,42,24.803676470588236,2.9154411764705883,1.213235294117647,1.7022058823529411,1.6654411764705883,4.315441176470588,1.3816176470588233,1.086764705882353,0.5948529411764705,1.313235294117647,2.886764705882353,8.791176470588237
Kentavious Caldwell-Pope,26,69,26,25.5,3.4,1.3,2.1,1.1,2.1,1.6,0.8,0.2,0.9,1.9,9.3
Kevin Hervey,23,10,0,5.2,0.7,0.3,0.4,0,1.2,0.5,0.1,0.1,0,0.4,1.7
Kevin Huerter,21,56,48,31.4,4.5,2.3,2.2,0.9,4.1,3.8,0.9,0.5,1.6,2.5,12.2
Kevin Knox,20,65,4,17.9,2.2,1,1.2,1,2.8,0.9,0.4,0.4,0.7,1.6,6.4
Kevin Love,31,56,56,31.8,5.8,2.6,3.2,3.3,9.8,3.2,0.6,0.3,2.5,1.6,17.6
Kevin Porter Jr.,19,50,3,23.2,3.7,1.1,2.7,1.5,3.2,2.2,0.9,0.3,1.9,2.7,10
Kevon Looney,23,20,4,13.1,1.5,0.1,1.4,0.5,3.3,1,0.6,0.3,0.6,1.7,3.4
Khem Birch,27,48,24,19.2,1.5,0,1.5,1.3999999999999997,4.6,1,0.4000000000000001,0.5,0.6,1.8999999999999997,4.4
Khris Middleton,28,62,59,29.9,7.6,2.4,5.2,3.4,6.2,4.3,0.9,0.1,2.2,2.3,20.9
Khyri Thomas,23,8,0,7.6,0.6,0.6,0,0.3,0.1,0.4,0.4,0,0.4,1.1,2.1
Kostas Antetokounmpo,22,5,0,4,0.6,0,0.6,0.2,0.6,0.4,0,0,0.2,0.4,1.4
Kris Dunn,25,51,32,24.9,3,0.6,2.4,0.8,3.6,3.4,2,0.3,1.3,3.1,7.3
Kristaps Porziņģis,24,57,57,31.8,7,2.5,4.5,4,9.5,1.8,0.7,2,1.6,3.2,20.4
Ky Bowman,22,45,12,22.6,3,0.7,2.2,0.8,2.7,2.9,1,0.2,1.6,2.3,7.4
Kyle Alexander,23,2,0,6.5,0.5,0,0.5,0,1.5,0,0,0,0.5,0.5,1
Kyle Anderson,26,67,28,19.9,2.3,0.4,2,0.8,4.3,2.4,0.8,0.6,1,1.7,5.8
Kyle Guy,22,3,0,3.2999999999999994,0.6999999999999998,0,0.6999999999999998,0,0.3,0.3,0,0,0,0.3,1.3
Kyle Korver,38,58,1,16.6,2.2,1.7,0.5,0.6,2.1,1.2,0.4,0.2,0.8,1.3,6.7
Kyle Kuzma,24,61,9,25,4.8,1.4,3.4,1.9,4.5,1.3,0.5,0.4,1.5,2.1,12.8
Kyle Lowry,33,58,58,36.2,5.8,2.8,2.9,5.1,5,7.5,1.4,0.4,3.1,3.3,19.4
Kyle O'Quinn,29,29,2,10.8,1.4,0.2,1.2,0.4,4,1.8,0.2,0.8,0.7,1.3,3.5
Kyrie Irving,27,20,20,32.9,10,2.8,7.2,4.7,5.2,6.4,1.4,0.5,2.6,2.7,27.4
KZ Okpala,20,5,0,5.2,0.6,0,0.6,0.2,1,0.2,0.4,0.2,0.2,0.4,1.4
LaMarcus Aldridge,34,53,53,33.1,7.400000000000001,1.2,6.2,3,7.400000000000001,2.4,0.6999999999999998,1.6000000000000003,1.3999999999999997,2.4,18.9
Lance Thomas,31,7,4,14,1.1,0.6,0.6,0.6,1.9,0.9,0,0,0.9,1.6,3.4
Landry Shamet,22,53,30,27.399999999999995,3,2.1,0.9,1.2,1.8999999999999997,1.8999999999999997,0.4000000000000001,0.20000000000000004,0.8000000000000002,2.7000000000000006,9.3
Langston Galloway,28,66,6,25.8,3.6,2,1.6,1.1,2.3,1.5,0.7,0.2,0.6,1.5,10.3
Larry Nance Jr.,27,56,10,26.3,4.1,1,3.1,0.9,7.3,2.2,1,0.4,1.1,1.6,10.1
Lauri Markkanen,22,50,50,29.8,5,2.2,2.8,2.5,6.3,1.5,0.8,0.5,1.6,1.9,14.7
LeBron James,35,67,67,34.6,9.6,2.2,7.4,3.9000000000000004,7.800000000000001,10.2,1.2,0.5,3.9000000000000004,1.8,25.3
Lonnie Walker IV,21,61,12,16.2,2.5,0.7,1.8,0.7,2.3,1.1,0.5,0.2,0.7,1.3,6.4
Lonzo Ball,22,63,54,32.1,4.4,2.3,2,0.7,6.1,7,1.4,0.6,3.1,2,11.8
Lou Williams,33,65,8,28.7,6,1.7,4.3,4.5,3.1,5.6,0.7,0.2,2.8,1.2,18.2
Louis King,20,10,0,6.2,0.8,0.4,0.4,0,1,0.5,0.2,0,0.2,1,2
Luc Mbah a Moute,33,3,0,8.3,0.6999999999999998,0,0.6999999999999998,0.3,0.6999999999999998,0,0.6999999999999998,0,0.3,0,1.7
Luguentz Dort,20,36,28,22.8,2.4,0.8,1.6,1.2,2.3,0.8,0.8999999999999999,0.1,0.6,2.7,6.8
Luka Dončić,20,61,61,33.6,9.5,2.8,6.7,7,9.4,8.8,1,0.2,4.3,2.5,28.8
Luka Šamanić,20,3,1,16,1.7,1,0.6999999999999998,1,3.2999999999999994,2,0,0.6999999999999998,0.6999999999999998,2,5.3
Luke Kennard,23,28,25,32.9,5.4,2.6,2.8,2.4,3.5,4.1,0.4,0.2,1.5,2.3,15.8
Luke Kornet,24,36,14,15.5,2.3,0.8999999999999999,1.4,0.6,2.3,0.8999999999999999,0.3,0.7,0.4,1.5,6
Malcolm Brogdon,27,54,54,30.9,6,1.4,4.6,3.1,4.9,7.1,0.6,0.2,2.4,1.8,16.5
Malcolm Miller,26,28,1,5.8,0.4,0.3,0.1,0.1,0.6,0.4,0.2,0.1,0.1,0.6,1.3
Malik Beasley,23,110,28,21.996363636363636,4.136363636363637,1.9172727272727272,2.181818181818182,0.9890909090909092,2.707272727272727,1.389090909090909,0.7245454545454546,0.1,1.0263636363636364,1.389090909090909,11.17909090909091
Malik Monk,21,55,1,21.3,3.9,1.1,2.8,1.5,2.9,2.1,0.5,0.3,1.4,1.3,10.3
Malik Newman,22,1,0,4,0,0,0,2,0,0,0,0,1,0,2
Marc Gasol,35,44,43,26.4,2.7,1.3,1.4,0.8,6.3,3.3,0.8,0.9,1.3,2.8,7.5
Marco Belinelli,33,57,0,15.5,2.2,1.2,1,0.8,1.7,1.2,0.2,0,0.3,0.8,6.3
Marcus Morris,30,124,124,31.229032258064514,5.701612903225806,2.300806451612903,3.4008064516129033,2.9056451612903227,5.000806451612903,1.4,0.7846774193548387,0.4959677419354839,1.5887096774193548,2.904032258064516,16.69435483870968
Marcus Smart,25,60,40,32,4.3,2.3,2,2.1,3.8,4.9,1.7,0.5,1.7,2.7,12.9
Marial Shayok,24,4,0,7,0.8,0.5,0.3,0.8,1.8,0.3,0,0.3,0.8,1,2.8
Mario Hezonja,24,53,4,16.4,1.7,0.5,1.3,0.9,3.5,0.9,0.6999999999999998,0.20000000000000004,0.8000000000000002,2,4.8
Markelle Fultz,21,72,60,27.7,5,0.5,4.5,1.6,3.3,5.1,1.3,0.2,2,2,12.1
Markieff Morris,30,116,34,20.49827586206897,3.5086206896551726,1.503448275862069,2.0051724137931033,1.1293103448275863,3.76551724137931,1.3293103448275863,0.5258620689655172,0.31206896551724134,1.3051724137931036,2.3137931034482757,9.662068965517241
Marko Guduric,24,44,0,11,1.4,0.6,0.8,0.5,1.7,1,0.3,0.2,0.8,0.8,3.9
Marques Bolden,21,1,0,3,0,0,0,0,2,0,1,0,0,1,0
Marquese Chriss,22,59,21,20.3,3.6,0.1,3.4,2,6.2,1.9,0.7,1.1,1.3,2.1,9.3
Marvin Bagley III,20,13,6,25.699999999999996,6,0.3,5.700000000000001,1.9,7.5,0.8,0.5,0.9000000000000001,1.4,3.3,14.2
Marvin Williams,33,116,2,19.482758620689655,2.0827586206896553,0.9913793103448276,1.0913793103448275,0.8120689655172414,3.1991379310344827,1.014655172413793,0.6,0.5,0.5853448275862069,1.7793103448275862,5.904310344827587
Mason Plumlee,29,61,1,17.3,2.9,0,2.9,1.4,5.2,2.5,0.5,0.6,1.3,2.3,7.2
Matisse Thybulle,22,65,14,19.8,1.7,0.9,0.9,0.4,1.6,1.2,1.4,0.7,0.8,2.2,4.7
Matt Mooney,22,4,0,4.8,0.3,0,0.3,0,0.8,0.3,0.5,0.3,0,0.3,0.5
Matt Thomas,25,41,1,10.7,1.7999999999999998,1.1,0.6,0.20000000000000004,1.5,0.5,0.20000000000000004,0,0.4000000000000001,0.8999999999999999,4.9
Matthew Dellavedova,29,57,4,14.4,1.1,0.4,0.7,0.6,1.3,3.2,0.4,0,1,1.4,3.1
Maurice Harkless,26,124,96,22.996774193548386,2.2790322580645164,0.5096774193548387,1.7193548387096773,0.6274193548387097,3.8822580645161286,1.117741935483871,0.9306451612903226,0.5209677419354838,0.8709677419354839,2.390322580645161,5.775806451612903
Max Strus,23,2,0,3,1,0,1,0.5,0.5,0,0,0,0,0.5,2.5
Maxi Kleber,28,74,21,25.5,3.2,1.6,1.6,1.1,5.2,1.2,0.3,1.1,0.8,2.4,9.1
Melvin Frazier,23,19,0,6.6,0.8,0.4,0.4,0.1,0.5,0.2,0.5,0.1,0.3,0.6,2.1
Meyers Leonard,27,51,49,20.3,2.3,1,1.3,0.4,5.1,1.1,0.3,0.3,0.8,2.1,6.1
Mfiondu Kabengele,22,12,0,5.3,1.2,0.8000000000000002,0.4000000000000001,0.4000000000000001,0.9,0.20000000000000004,0.20000000000000004,0.20000000000000004,0.20000000000000004,0.8000000000000002,3.5
Michael Carter-Williams,28,45,0,18.5,2.5,0.5,2,1.8,3.3,2.4,1.1,0.5,1.2,1.9,7.2
Michael Frazier,25,13,0,11.2,0.5,0.3,0.2,0.7,0.8,0.2,0.2,0,0.4,1.6999999999999997,2.1
Michael Kidd-Gilchrist,26,50,0,11.21,0.888,0.196,0.6920000000000001,0.42199999999999993,2.696,0.57,0.102,0.22399999999999998,0.6259999999999999,1.5,2.394
Michael Porter Jr.,21,55,8,16.4,3.5,1.1,2.4,1.1,4.7,0.8,0.5,0.5,0.9,1.8,9.3
Mikal Bridges,23,73,32,28,3.4,1,2.4,1.4,4,1.8,1.4,0.6,1,2.2,9.1
Mike Conley,32,47,41,29,4.9,2,2.8999999999999995,2.4,3.2,4.4,0.8,0.1,2,2.2,14.400000000000002
Mike Muscala,28,47,2,12.2,1.6,1.1,0.5,0.4,2.3,0.9000000000000001,0.2,0.3,0.4,1.2,4.8
Mike Scott,31,68,11,17.8,2.2,1.2,1,0.4,3.6,0.8,0.3,0.1,0.4,1.4,6
Miles Bridges,21,65,64,30.7,4.9,1.5,3.4,1.6,5.6,1.8,0.6,0.7,1.5,2,13
Mitchell Robinson,21,61,7,23.1,4.1,0,4.1,1.4,7,0.6,0.9,2,0.6,3.2,9.7
Miye Oni,22,10,1,10.9,1.2,0.7,0.5,0.4,1.7,0.4,0.4,0.2,0.4,0.9,3.5
Mo Bamba,21,62,0,14.2,2.1,0.6,1.5,0.5,4.9,0.7,0.4,1.4,0.7,1.9,5.4
Monte Morris,24,73,12,22.4,3.6,0.9,2.7,1,1.9,3.5,0.8,0.2,0.7,1,9
Montrezl Harrell,26,63,2,27.8,7.5,0,7.5,3.7,7.1,1.7,0.6,1.1,1.7,2.3,18.6
Moritz Wagner,22,45,5,18.6,3.2,0.6,2.7,1.7,4.9,1.2,0.6,0.4,1.5,3.4,8.7
Moses Brown,20,9,0,3.7000000000000006,0.4,0,0.4,0.3,1.6,0.1,0.1,0.1,0.3,0.8,1.2
Mychal Mulder,25,7,3,29.1,3.7,2.3,1.4,1.3,3.3,1.1,0.3,0.1,0.7,2.9,11
Myles Turner,23,62,62,29.5,4.3,1.4,2.9,2,6.6,1.2,0.7,2.1,1.4,2.7,12.1
Nassir Little,19,48,5,11.9,1.3999999999999997,0.3,1.1,0.6,2.3,0.5,0.3,0.3,0.3,1.5,3.6
Naz Mitrou-Long,26,5,0,9.4,1.2,0.4,0.8,0,1.4,1.6,0.2,0.2,0.6,0.4,2.8
Naz Reid,20,30,11,16.5,3.3,1.1,2.3,1.2,4.1,1.2,0.6,0.7,0.7,2.8,9
Nemanja Bjelica,31,72,67,27.9,4.4,1.8999999999999997,2.5,1,6.4,2.8,0.8999999999999999,0.6,1.4,3,11.5
Nerlens Noel,25,61,7,18.5,3,0,3,1.3,4.9,0.9,1,1.5,1.1,2.7,7.4
Nic Claxton,20,15,0,12.5,1.8,0.1,1.7,0.7,2.9,1.1,0.1,0.5,0.6,0.9,4.4
Nickeil Alexander-Walker,21,47,1,12.599999999999998,2.1,1,1.1,0.5,1.8000000000000003,1.9,0.4,0.2,1.1,1.2,5.700000000000001
Nicolas Batum,31,22,3,23,1.3,0.6,0.6,0.4,4.5,3,0.8,0.4,1,1.9,3.6
Nicolò Melli,29,60,8,17.4,2.3,1.2,1.1,0.9,3,1.4,0.6,0.4,0.8,2.1,6.6
Nigel Williams-Goss,25,10,0,5,0.5,0.2,0.3,0.2,0.6,0.6,0.3,0.1,0.3,0.6,1.4
Nikola Jokić,24,73,73,32,7.7,1.1,6.6,3.4,9.7,7,1.2,0.6,3.1,3,19.9
Nikola Vučević,29,62,62,32.2,8,1.6,6.4,2.1,10.9,3.6,0.9,0.8,1.4,2.2,19.6
Noah Vonleh,24,72,2,10.50138888888889,1.4125,0.1,1.4027777777777777,0.7013888888888888,3.4180555555555556,0.7916666666666666,0.3111111111111111,0.18055555555555555,0.611111111111111,1.0916666666666666,3.686111111111112
Norman Powell,26,52,26,28.4,5.700000000000001,2.1,3.6000000000000005,2.5,3.7,1.8000000000000003,1.2,0.4,1.5,2.1,16
Norvel Pelle,26,24,0,9.7,1,0,1,0.3,3,0.3,0.10000000000000002,1.3,0.8000000000000002,2.3,2.4
OG Anunoby,22,69,68,29.9,4.1,1.3,2.9,1,5.3,1.6,1.4,0.7,1.1,2.4,10.6
Omari Spellman,22,49,3,18.1,2.6,0.9,1.7,1.5,4.5,1,0.7,0.5,1.1,1.3,7.6
Oshae Brissett,21,19,0,7.1000000000000005,0.7,0.2,0.5,0.4,1.4,0.4,0.2,0.1,0.4,0.9,1.9000000000000001
Otto Porter Jr.,26,14,9,23.6,4.4,1.7,2.7,1.4,3.4,1.8,1.1,0.4,0.8,2.2,11.9
P.J. Tucker,34,72,72,34.3,2.5,1.5,1,0.5,6.6,1.6,1.1,0.5,1,3.2,6.9
P.J. Washington,21,58,57,30.3,4.6,1.5,3.1,1.5,5.4,2.1,0.9,0.8,1.6,2.7,12.2
Pascal Siakam,25,60,60,35.2,8.3,2.2,6.2,4,7.3,3.5,1,0.9,2.5,2.8,22.9
Pat Connaughton,27,67,4,18.6,2,0.8,1.2,0.5,4.2,1.6,0.4,0.5,0.8,1,5.4
Patrick Beverley,31,51,50,26.3,2.9,1.6,1.3,0.6,5.2,3.6,1.1,0.5,1.3,3.1,7.9
Patrick McCaw,24,37,12,24.5,1.8000000000000003,0.6,1.2,0.4,2.3,2.1,1.1,0.1,0.8,1.6,4.6
Patrick Patterson,30,59,18,13.2,1.6,1.1,0.5,0.6,2.6,0.7,0.1,0.1,0.4,0.9,4.9
Patty Mills,31,66,1,22.5,3.8999999999999995,2.3,1.6,1.5,1.6,1.8,0.8,0.1,0.8,1.6,11.6
Paul George,29,48,48,29.600000000000005,7.099999999999999,3.2999999999999994,3.9,4,5.7,3.9,1.3999999999999997,0.4000000000000001,2.6,2.4,21.5
Paul Millsap,34,51,48,24.3,4.1,1.1,3.1,2.3,5.7,1.6,0.9,0.6,1.4,2.9,11.6
Paul Watson,25,20,0,8.72,1.02,0.4,0.62,0.71,1.7100000000000002,0.79,0.41,0.09,0.31,0.5,3.1100000000000003
PJ Dozier,23,29,0,14.2,2.2,0.6,1.7,0.7,1.9,2.2,0.5,0.2,0.9,1.6,5.8
Player,NA,NA,NA,NA,NA,NA,NA,NA,NA,NA,NA,NA,NA,NA,NA
Quinn Cook,26,44,1,11.5,2.1,0.7,1.4,0.3,1.2,1.1,0.3,0,0.8,0.6,5.1
Quinndary Weatherspoon,23,11,0,7.1,0.5,0.1,0.4,0.1,0.6,1,0.3,0.1,0.5,0.7,1.1
Rajon Rondo,33,48,3,20.5,2.9,0.9,2,0.6,3,5,0.8000000000000002,0,1.8999999999999997,1.2,7.099999999999999
Raul Neto,27,54,3,12.4,1.9,0.6,1.2,0.7,1.1,1.8,0.4,0.1,0.9,0.9,5.1
Rayjon Tucker,22,20,0,8.1,1,0.2,0.9,1,1,0.3,0.1,0.1,0.4,0.5,3.1
Reggie Bullock,28,29,19,23.6,3.1,1.3,1.8,0.6,2.3,1.4,0.9,0.1,0.7,1.9,8.1
Reggie Jackson,29,62,32,23.98225806451613,4.301612903225807,1.8080645161290323,2.4935483870967743,1.4806451612903226,2.97741935483871,4.079032258064516,0.41774193548387095,0.1774193548387097,1.6,1.8919354838709679,11.919354838709678
Richaun Holmes,26,44,38,28.2,5.1,0,5.1,2.1,8.1,1,0.9,1.3,1.2,3.8,12.3
Ricky Rubio,29,65,65,31,4.4,1.2,3.2,3,4.7,8.8,1.4,0.2,2.7,2.6,13
RJ Barrett,19,56,55,30.4,5.2,1.1,4.1,2.8,5,2.6,1,0.3,2.2,2.2,14.3
Robert Covington,29,140,136,30.515714285714285,4.371428571428571,2.315714285714286,2.0900000000000003,1.4214285714285715,6.614285714285714,1.2971428571428572,1.6342857142857143,1.3042857142857145,1.4842857142857144,3.1314285714285712,12.411428571428573
Robert Williams,22,29,1,13.4,2.2,0,2.2,0.8,4.4,0.9,0.8,1.2,0.7,1.8,5.2
Robin Lopez,31,66,5,14.5,2.2,0.5,1.7,0.4,2.4,0.7,0.2,0.7,1,1.5,5.4
Rodions Kurucs,21,47,9,14.599999999999998,1.6999999999999997,0.7,1,0.5,2.8999999999999995,1.1,0.5,0.1,1,1.9,4.6
Rodney Hood,27,21,21,29.5,4.1,1.6999999999999997,2.5,1,3.3999999999999995,1.5,0.8,0.2,0.9000000000000001,2.2,11
Rodney McGruder,28,56,4,15.6,1.3,0.4,0.9,0.3,2.7,0.6,0.5,0.1,0.4,1.3,3.3
Romeo Langford,20,32,2,11.6,0.9,0.2,0.7,0.6,1.3,0.4,0.3,0.3,0.3,1,2.5
Rondae Hollis-Jefferson,25,60,6,18.7,2.6,0.1,2.5,1.8,4.7,1.8,0.8,0.4,1,1.9,7
Royce O'Neale,26,71,62,28.900000000000002,2.2,1.3,0.9,0.6,5.5,2.5,0.8,0.5,0.9,2.8,6.3
Rudy Gay,33,67,5,21.8,4,1.1,2.9,1.8,5.4,1.7,0.5,0.5,1.3,1.5,10.8
Rudy Gobert,27,68,68,34.3,5.7,0,5.7,3.7,13.5,1.5,0.8,2,1.9,3.2,15.1
Rui Hachimura,21,48,48,30.100000000000005,5.3,0.5,4.8,2.4,6.099999999999999,1.8,0.8000000000000002,0.20000000000000004,1.1,2.2,13.5
Russell Westbrook,31,57,57,35.9,10.6,1,9.6,5.1,7.9,7,1.6,0.4,4.5,3.5,27.2
Ryan Anderson,31,2,0,7,1,0.5,0.5,0,3.5,1,0.5,0,0.5,0.5,2.5
Ryan Arcidiacono,25,58,4,16,1.6,0.9,0.6,0.5,1.9,1.7,0.5,0.1,0.6,1.7,4.5
Ryan Broekhoff,29,17,1,10.6,1.3,1.2,0.1,0.4,2.5,0.6,0.3,0.2,0.4,0.9,4.2
Sekou Doumbouya,19,38,19,19.8,2.4,0.7,1.7,0.8,3.1,0.5,0.5,0.2,0.9,2.1,6.4
Semi Ojeleye,25,69,6,14.7,1.2,0.7,0.5,0.4,2.1,0.5,0.3,0.1,0.3,1.2,3.4
Serge Ibaka,30,55,27,27,6.2,1.3,5,1.6,8.2,1.4,0.5,0.8,2,2.8,15.4
Seth Curry,29,64,25,24.6,4.4,2.3,2.2,1.3,2.3,1.9,0.6,0.1,1,1.8,12.4
Shabazz Napier,28,112,64,24.00714285714286,3.3892857142857147,1.3857142857142857,2.0214285714285714,2.275,2.8249999999999997,4.7,1.2214285714285715,0.2,2.289285714285714,1.8035714285714286,10.307142857142859
Shai Gilgeous-Alexander,21,70,70,34.7,6.8,1.2,5.6,4.1,5.9,3.3,1.1,0.7,1.9,1.7,19
Shake Milton,23,40,24,20.1,3.4,1.5,1.9,1.3,2.2,2.6,0.5,0.2,1.2,2.3,9.4
Shamorie Ponds,21,4,0,2.8,0.8,0.3,0.5,0.5,0.3,0.5,0,0.3,0,0.5,2.3
Shaquille Harrison,26,43,10,11.3,1.8,0.39999999999999997,1.4,0.9,2,1.1,0.7999999999999999,0.39999999999999997,0.39999999999999997,1.3,4.9
Sindarius Thornwell,25,2,0,17.5,3,1,2,1,2,2,0.5,0.5,1,1,8
Skal Labissière,23,33,1,17.2,2.5,0.1,2.4,0.8,5.1,1.3,0.2,0.9,0.9,2.7,5.8
Solomon Hill,28,118,8,18.43220338983051,1.8847457627118644,1.0940677966101695,0.7813559322033898,0.6745762711864406,2.7974576271186438,1.797457627118644,0.6966101694915253,0.18728813559322036,0.8686440677966102,1.4127118644067795,5.488135593220339
Spencer Dinwiddie,26,64,49,31.2,6.6,1.9,4.7,5.4,3.5,6.8,0.6,0.3,2.7,2.8,20.6
Stanley Johnson,23,25,0,6,0.9,0.3,0.6,0.4,1.5,0.8,0.2,0.2,0.6,0.6,2.4
Stanton Kidd,27,4,0,3.8,0,0,0,0,0.8,0.3,0,0,0.5,0.8,0
Stephen Curry,31,5,5,27.8,6.6,2.4,4.2,5.2,5.2,6.6,1,0.4,3.2,2.2,20.8
Sterling Brown,24,52,1,14.8,1.8000000000000003,0.8,1,0.6,3.5,1,0.6,0.1,0.8,1,5.1
Steven Adams,26,63,63,26.7,4.5,0,4.5,1.9,9.3,2.3,0.8,1.1,1.5,1.9,10.9
Svi Mykhailiuk,22,56,27,22.6,3,2.1,0.9,1,1.9,1.9,0.7,0.1,1.1,1.6,9
T.J. Leaf,22,28,1,7.9,1.3,0.2,1.1,0.3,2.5,0.3,0.4,0.1,0.3,0.8,3
T.J. McConnell,27,71,3,18.7,3,0.1,2.9,0.5,2.7,5,0.8,0.2,1.4,1,6.5
T.J. Warren,26,67,67,32.9,8,1.4,6.6,2.5,4.2,1.5,1.2,0.5,1.3,2.8,19.8
Tacko Fall,24,7,0,4.7,1.6,0,1.6,0.1,2.1,0.1,0.1,0.6,0.4,1,3.3
Taj Gibson,34,62,56,16.5,2.7,0.1,2.6,0.7,4.3,0.8,0.4,0.5,0.8,2,6.1
Talen Horton-Tucker,19,6,1,13.5,2.3,0.6999999999999998,1.7,0.3,1.2,1,1.3,0.20000000000000004,1,1.7,5.7
Tariq Owens,24,3,0,5,0.3,0,0.3,0.6999999999999998,1,0,0.3,0,0,0.3,1.3
Taurean Prince,25,64,61,29,4.3,2.3,2.1,1.1,6,1.8,0.9,0.4,2,2.5,12.1
Terance Mann,23,41,6,8.8,0.8999999999999999,0.20000000000000004,0.7,0.4000000000000001,1.3,1.3,0.3,0.10000000000000002,0.4000000000000001,1.1,2.4
Terence Davis,22,72,4,16.8,2.8,1.3,1.5,0.7,3.3,1.6,0.5,0.2,1.1,1.7,7.5
Terrance Ferguson,21,56,38,22.4,1.4,0.9,0.5,0.3,1.3,0.9,0.5,0.3,0.6,2.8,3.9
Terrence Ross,28,69,0,27.4,4.9,2.6,2.4,2.3,3.2,1.2,1.1,0.3,1,1.6,14.7
Terry Rozier,25,63,63,34.3,6.3,2.7,3.6,2.6,4.4,4.1,1,0.2,2.2,2,18
Thabo Sefolosha,35,41,0,10.6,0.8999999999999999,0.4000000000000001,0.5,0.10000000000000002,2.3,0.6,0.6,0.3,0.4000000000000001,1,2.2
Thaddeus Young,31,64,16,24.9,4.2,1.2,3,0.7,4.9,1.8,1.4,0.4,1.6,2.1,10.3
Thanasis Antetokounmpo,27,20,2,6.5,1.2,0,1.2,0.4,1.2,0.8,0.4,0.1,0.6,0.9,2.8
Theo Pinson,24,33,0,11.1,1.4,0.5,0.9,0.5,1.6,1.7,0.5,0.1,1,1.1,3.6
Thomas Bryant,22,46,36,24.9,5.3,0.8,4.5,1.9,7.2,1.8,0.5,1.1,1.2,2.2,13.2
Thon Maker,22,60,14,12.9,1.6,0.4,1.2,1.2,2.8,0.7,0.4,0.7,0.8,1.7,4.7
Tim Frazier,29,27,11,13.1,1.3,0.4,0.9,0.7,1.2,3.4,0.5,0.1,1.3,1.6,3.6
Tim Hardaway Jr.,27,71,58,29.5,5.4,2.9,2.5,2.1,3.3,1.9000000000000001,0.6,0.1,1,1.8,15.799999999999999
Timothé Luwawu-Cabarrot,24,47,2,18.1,2.5,1.3,1.2,1.5,2.7,0.6,0.4,0.1,0.8,2.3,7.799999999999999
Tobias Harris,27,72,72,34.3,7.699999999999999,1.7999999999999998,5.9,2.4,6.9,3.2,0.7,0.6,1.4,2.3,19.6
Tomáš Satoranský,28,65,64,28.9,3.6,1,2.7,1.6,3.9,5.4,1.2,0.1,2,2.1,9.9
Tony Bradley,22,58,3,11.4,2.2,0.1,2.1,0.5,4.6,0.4,0.2,0.6,0.5,2,4.9
Tony Snell,28,59,57,27.8,2.9,1.7,1.2,0.5,1.9,2.2,0.5,0.3,0.5,1.7,8
Torrey Craig,29,58,27,18.5,2.1,0.8,1.4,0.4,3.3,0.8,0.4,0.6,0.4,2.3,5.4
Trae Young,21,60,60,35.3,9.1,3.4,5.7,8,4.3,9.3,1.1,0.1,4.8,1.7,29.6
Tremont Waters,22,11,1,10.8,1.3,0.4,0.9,0.7,1.1,1.5,0.9,0.2,1.4,1.2,3.6
Treveon Graham,26,110,40,16.9,1.59,0.6,0.9900000000000001,0.67,2.7100000000000004,0.8099999999999999,0.41000000000000003,0.12000000000000001,0.53,1.8699999999999999,4.420000000000001
Trevor Ariza,34,106,42,28.173584905660373,2.686792452830189,1.4594339622641508,1.2273584905660377,1.2075471698113207,4.639622641509433,1.729245283018868,1.2990566037735851,0.28962264150943395,1.079245283018868,2.109433962264151,7.990566037735849
Trey Burke,27,66,2,15.796969696969695,2.8424242424242423,0.9696969696969697,1.8848484848484848,0.696969696969697,1.5106060606060607,2.5060606060606063,0.49696969696969695,0.06212121212121213,0.6227272727272728,0.9848484848484849,7.3893939393939405
Trey Lyles,24,63,53,20.2,2.4,1,1.4,0.5,5.7,1.1,0.4,0.4,0.6,1.6,6.4
Tristan Thompson,28,57,51,30.2,5.1,0.2,4.9,1.7,10.1,2.1,0.6,0.9,1.8,2.2,12
Troy Brown Jr.,20,69,22,25.8,4,0.9,3.1,1.6,5.6,2.6,1.2,0.1,1.1,1.9,10.4
Troy Daniels,28,94,0,11.302127659574468,1.5127659574468084,1,0.5627659574468085,0.1872340425531915,1.0936170212765959,0.3627659574468085,0.21914893617021278,0.09361702127659575,0.2691489361702128,0.7819148936170213,4.256382978723405
Ty Jerome,22,31,0,10.6,1.2,0.5,0.8,0.4,1.5,1.4,0.5,0.1,0.6,0.9,3.3
Tyler Cook,22,26,0,4.184615384615385,0.5923076923076922,0,0.5923076923076922,0.5384615384615384,1.0846153846153848,0.09230769230769233,0.21923076923076923,0,0.21923076923076923,0.40769230769230774,1.7730769230769232
Tyler Herro,20,55,8,27.4,4.9,2.1,2.8,1.6,4.1,2.2,0.6,0.2,1.6,1.4,13.5
Tyler Johnson,27,78,14,18.18974358974359,2.4948717948717953,1.0025641025641026,1.5025641025641026,1.103846153846154,1.9333333333333331,1.8935897435897435,0.41025641025641024,0.22948717948717948,0.7294871794871794,1.5012820512820513,6.996153846153847
Tyler Zeller,30,2,0,2,0.5,0,0.5,0,2,0,0,0,0,0,1
Tyrone Wallace,25,14,0,11.4,1,0.1,0.9,0.8,1.6,0.9,0.5,0.1,0.7,1.4,2.9
Tyson Chandler,37,26,5,8.4,0.5,0,0.5,0.2,2.5,0.2,0.2,0.3,0.3,1.2,1.3000000000000003
Tyus Jones,23,65,6,19,3,0.7,2.3,0.7,1.6,4.4,0.9,0.1,0.8,0.7,7.4
Udonis Haslem,39,4,1,11,1,0.3,0.8,0.8,4,0.3,0,0,0.3,1.5,3
Vic Law,24,8,0,7.8,0.8,0.1,0.6,0.3,1.4,0.4,0.3,0,0.3,0.8,1.9
Victor Oladipo,27,19,16,27.8,5.1,1.7,3.4,2.5,3.9,2.9,0.9,0.2,2.5,1.9000000000000001,14.5
Vince Carter,43,60,0,14.6,1.8,1,0.8,0.4,2.1,0.8,0.4,0.4,0.6,1.5,5
Vincent Poirier,26,22,0,5.9,0.8,0,0.7,0.3,2,0.4,0.1,0.4,0.4,1.1,1.9
Vlatko Čančar,22,14,0,3.2,0.4,0.1,0.4,0.3,0.7,0.2,0.1,0.1,0.2,0.5,1.2
Wayne Ellington,32,36,1,15.5,1.7,1.4,0.3,0.3,1.7999999999999998,1.2,0.4,0.1,0.5,1.1,5.1
Wendell Carter Jr.,20,43,43,29.2,4.3,0.09999999999999999,4.1,2.6,9.4,1.2,0.7999999999999999,0.7999999999999999,1.7,3.8000000000000003,11.3
Wenyen Gabriel,22,60,2,7.821666666666666,0.6950000000000001,0.21333333333333335,0.5,0.5,1.7116666666666667,0.3,0.38166666666666665,0.23166666666666666,0.5316666666666666,1.2983333333333331,2.09
Wes Iwundu,25,52,21,18.3,1.9,0.5,1.3000000000000003,1.5,2.5,1.2,0.5,0.3,0.5,1.5,5.799999999999999
Wesley Matthews,33,67,67,24.4,2.5,1.6,0.9,0.8,2.5,1.4,0.6,0.1,0.6,1.5,7.4
Will Barton,29,58,58,33,5.7,1.9,3.9,1.8,6.3,3.7,1.1,0.5,1.5,2.1,15.1
William Howard,26,2,0,6.5,0,0,0,0,1,0.5,0,0,0.5,0.5,0
Willie Cauley-Stein,26,108,78,20.3,3.2175925925925926,0,3.2175925925925926,0.7398148148148147,5.807407407407408,1.3157407407407407,0.9037037037037038,1.1018518518518519,0.7398148148148147,2.22962962962963,7.2250000000000005
Willy Hernangómez,25,31,0,12.1,2.4,0.2,2.2,1.2,4.3,0.9,0.3,0.2,1,1,6.1
Wilson Chandler,32,35,3,21,2.1,1.1,1.1,0.6,4.1,1.1,0.5,0.3,1,2.3,5.9
Yogi Ferrell,26,50,0,10.6,1.6,0.5,1.1,0.7,1,1.4,0.4,0.1,0.6,0.8,4.4
Yuta Watanabe,25,18,0,5.8,0.8,0.2,0.7,0.2,1.1,0.3,0.3,0.1,0.1,0.5,2
Zach Collins,22,11,11,26.4,2.9,0.6,2.3,0.5,6.3,1.5,0.5,0.5,1.3,3.3,7
Zach LaVine,24,60,60,34.8,9,3.1,5.9,4.5,4.8,4.2,1.5,0.5,3.4,2.2,25.5
Zach Norvell,22,10,0,8.2,0.6,0.6,0,0.19,1.21,0.6,0.41,0,0.6,0.79,1.9899999999999998
Zhaire Smith,20,7,0,4.6,0.4,0,0.4,0.3,0.3,0.3,0.4,0,0.3,0.6,1.1
Zion Williamson,19,24,24,27.8,8.8,0.3,8.5,4.8,6.3,2.1,0.6999999999999998,0.4000000000000001,2.5,1.8,22.5
Zylan Cheatham,24,4,0,12.8,1.5,0,1.5,0,2.3,0.8,0.3,0.3,1,2.5,3
