playerID,playerName,yearID,teamID,W,L,G,GS,CG,SHO,SV,IPouts,H,ER,HR,BB,SO,BAOpp,ERA,IBB,WP,HBP,BK,BFP,R
abadfe01,Fernando Abad,2019,SFN,0,2,21,0,0,0,0,39,9,6,2,3,9,0.196,4.15,0,1,0,0,49,6
abreubr01,Bryan Abreu,2019,HOU,0,0,7,0,0,0,0,26,4,1,0,3,13,0.138,1.04,0,0,0,0,32,1
adamja01,Jason Adam,2019,TOR,3,0,23,0,0,0,0,65,15,7,1,10,18,0.2,2.91,1,1,3,2,91,8
adamsau01,Austin Adams,4038,MIN+DET,0,0,15,0,0,0,0,50,18,13,4,13,14,0.5920000000000001,22.02,1,0,0,0,80,13
adamsau02,Austin Adams,4038,WAS+SEA,2,2,30,2,0,0,0,96,20,14,4,16,53,0.183,12.77,0,4,1,0,130,14
adamsch01,Chance Adams,2019,NYA,1,1,13,0,0,0,1,76,39,24,7,11,23,0.351,8.53,0,1,2,1,124,25
adriaeh01,Ehire Adrianza,2019,MIN,0,0,1,0,0,0,0,3,5,3,0,0,1,0.625,27,0,0,0,0,8,3
agrazda01,Dario Agrazal,2019,PIT,4,5,15,14,0,0,0,220,82,40,15,18,41,0.283,4.91,0,0,10,0,321,43
alanirj01,R. J. Alaniz,4038,SEA+CIN,1,0,12,0,0,0,0,47,19,16,3,7,13,0.6950000000000001,25.65,0,0,0,1,71,17
alberha01,Hanser Alberto,2019,BAL,0,0,1,0,0,0,0,3,1,2,1,2,0,0.25,18,0,0,1,0,7,2
alberma01,Matt Albers,2019,MIL,8,6,67,0,0,0,4,179,53,34,8,29,57,0.239,5.13,3,2,3,1,258,34
alcaljo01,Jorge Alcala,2019,MIN,0,0,2,0,0,0,0,5,1,0,0,1,1,0.167,0,0,0,0,0,7,0
alcansa01,Sandy Alcantara,2019,MIA,6,14,32,32,2,2,0,592,179,85,23,81,151,0.241,3.88,5,4,8,1,838,94
alcanvi01,Victor Alcantara,2019,DET,3,2,46,0,0,0,0,128,45,23,8,15,24,0.276,4.85,0,3,2,0,182,25
alexasc01,Scott Alexander,2019,LAN,3,2,28,0,0,0,0,52,17,7,2,7,9,0.25,3.63,2,0,1,0,76,7
alexaty01,Tyler Alexander,2019,DET,1,4,13,8,0,0,0,161,68,29,9,7,47,0.302,4.86,0,1,2,0,235,30
allarko01,Kolby Allard,2019,TEX,4,2,9,9,0,0,0,136,52,25,3,19,33,0.281,4.96,0,1,2,0,208,26
allenco01,Cody Allen,2019,LAA,0,2,25,0,0,0,4,69,24,16,9,20,29,0.255,6.26,0,3,0,0,116,16
allenlo01,Logan Allen,4038,SDN+CLE,2,3,9,4,0,0,0,83,36,19,4,13,17,0.663,6.75,0,0,2,0,127,20
almonye01,Yency Almonte,2019,COL,0,1,28,0,0,0,0,102,39,21,7,14,29,0.279,5.56,0,1,1,0,157,22
altavda01,Dan Altavilla,2019,SEA,2,1,17,0,0,0,0,44,9,9,1,12,18,0.18,5.52,1,2,0,0,64,9
altheaa01,Aaron Altherr,2019,PHI,0,0,1,0,0,0,0,3,2,1,0,0,2,0.4,9,0,0,0,0,5,1
alvarjo02,Jose Alvarez,2019,PHI,3,4,67,1,0,0,1,177,66,22,8,18,51,0.284,3.36,4,3,1,0,255,25
alvarjo03,Jose Alvarado,2019,TBA,1,6,35,1,0,0,7,90,29,16,2,27,39,0.254,4.8,3,8,0,0,146,18
alzolad01,Adbert Alzolay,2019,CHN,1,1,4,2,0,0,0,37,13,10,4,9,13,0.26,7.3,0,0,1,0,60,10
anderbr04,Brett Anderson,2019,OAK,13,9,31,31,0,0,0,528,181,76,20,49,90,0.265,3.89,2,4,4,0,743,80
anderch01,Chase Anderson,2019,MIL,8,4,32,27,0,0,0,417,126,65,23,50,124,0.24,4.21,2,1,8,1,592,67
anderco01,Cody Anderson,2019,CLE,0,1,5,2,0,0,0,26,12,9,1,8,9,0.333,9.35,0,3,1,0,46,9
anderdr02,Drew Anderson,2019,PHI,0,0,2,0,0,0,0,18,6,5,1,6,6,0.25,7.5,2,0,0,0,30,5
anderju01,Justin Anderson,2019,LAA,3,0,54,0,0,0,1,141,42,29,6,32,60,0.232,5.55,0,4,1,0,217,32
anderni01,Nick Anderson,4038,MIA+TBA,5,4,68,0,0,0,1,195,52,24,8,18,110,0.398,6.029999999999999,4,4,2,0,264,24
andersh01,Shaun Anderson,2019,SFN,3,5,28,16,0,0,2,288,111,58,13,38,70,0.291,5.44,3,6,2,0,427,61
anderta01,Tanner Anderson,2019,OAK,0,3,5,5,0,0,0,67,30,15,4,7,18,0.309,6.04,1,3,0,0,105,16
anderty01,Tyler Anderson,2019,COL,0,3,5,5,0,0,0,62,33,27,8,11,23,0.363,11.76,0,0,0,1,106,27
andrima01,Matt Andriese,2019,ARI,5,5,54,0,0,0,1,212,72,37,8,27,79,0.262,4.71,4,9,3,2,310,37
aranovi01,Victor Arano,2019,PHI,1,0,3,0,0,0,0,14,2,2,1,2,7,0.154,3.86,0,0,0,0,16,2
araujpe01,Pedro Araujo,2019,BAL,0,0,1,0,0,0,0,2,2,2,1,1,0,0.667,27,0,0,0,0,4,2
archech01,Chris Archer,2019,PIT,3,9,23,23,0,0,0,359,114,69,25,55,143,0.249,5.19,2,6,4,0,526,73
armenro01,Rogelio Armenteros,2019,HOU,1,1,5,2,0,0,1,54,17,8,1,5,18,0.243,4,0,0,0,0,75,9
armstsh01,Shawn Armstrong,4038,SEA+BAL,1,1,55,0,0,0,4,174,66,37,8,29,63,0.7130000000000001,19.86,1,4,4,1,271,38
arrieja01,Jake Arrieta,2019,PHI,8,8,24,24,0,0,0,407,149,70,21,51,110,0.283,4.64,3,7,7,0,594,76
arteahu01,Humberto Arteaga,2019,KCA,0,0,1,0,0,0,0,5,2,1,1,1,0,0.286,5.4,0,0,0,0,8,1
avilaal01,Alex Avila,2019,ARI,0,0,2,0,0,0,0,6,2,1,0,1,1,0.286,4.5,0,0,0,0,8,1
avilalu01,Luis Avilan,2019,NYN,4,0,45,0,0,0,0,96,33,18,5,14,30,0.266,5.06,0,2,3,0,141,18
avilape01,Pedro Avila,2019,SDN,0,0,1,1,0,0,0,16,4,1,0,2,5,0.2,1.69,0,0,1,0,23,1
baezmi01,Michel Baez,2019,SDN,1,1,24,1,0,0,0,89,25,10,3,14,28,0.223,3.03,2,1,3,1,131,10
baezpe01,Pedro Baez,2019,LAN,7,2,71,0,0,0,1,209,43,24,6,23,69,0.174,3.1,1,0,4,0,276,30
baezsa01,Sandy Baez,2019,DET,0,0,1,0,0,0,0,3,2,1,0,0,0,0.4,9,0,0,0,0,5,1
baileho02,Homer Bailey,4038,KCA+OAK,13,9,31,31,0,0,0,490,162,83,21,53,149,0.512,9.1,1,4,4,1,696,84
bandaan01,Anthony Banda,2019,TBA,0,0,3,0,0,0,0,12,6,3,0,0,2,0.333,6.75,0,0,0,0,18,3
banuema01,Manny Banuelos,2019,CHA,3,4,16,8,0,0,0,152,60,39,12,33,44,0.303,6.93,3,2,1,1,235,39
bardlu01,Luke Bard,2019,LAA,3,3,32,3,0,0,0,147,41,26,8,13,40,0.228,4.78,1,5,5,1,199,27
barlosc01,Scott Barlow,2019,KCA,3,3,61,0,0,0,1,211,64,33,6,37,92,0.24,4.22,3,5,3,1,310,33
barneja01,Jacob Barnes,4038,MIL+KCA,1,5,33,1,0,0,0,98,36,27,7,22,32,0.529,15.170000000000002,1,3,0,0,160,30
barnema01,Matt Barnes,2019,BOS,5,4,70,0,0,0,4,193,51,27,8,38,110,0.21,3.78,2,13,2,1,285,29
barneto01,Tony Barnette,2019,CHN,0,0,2,0,0,0,0,4,2,1,1,0,0,0.4,6.75,0,0,0,0,5,1
barraky01,Kyle Barraclough,4038,WAS+SFN,1,2,43,0,0,0,0,101,38,21,9,21,40,0.47,8.91,2,3,2,1,164,24
barreaa01,Aaron Barrett,2019,WAS,0,0,3,0,0,0,0,7,5,4,1,4,1,0.417,15.43,0,1,0,0,16,4
barreja01,Jake Barrett,2019,NYA,0,0,2,0,0,0,0,11,6,6,2,2,4,0.353,14.73,0,0,0,0,19,6
barrija01,Jaime Barria,2019,LAA,4,10,19,13,0,0,0,248,92,59,24,27,75,0.275,6.42,0,1,2,0,365,61
bashlty01,Tyler Bashlor,2019,NYN,0,3,24,0,0,0,0,66,21,17,6,17,20,0.25,6.95,2,0,0,0,103,17
bassan01,Anthony Bass,2019,SEA,2,4,44,0,0,0,5,144,30,19,5,17,43,0.179,3.56,2,6,1,0,189,20
bassich01,Chris Bassitt,2019,OAK,10,5,28,25,0,0,0,432,125,61,21,47,141,0.229,3.81,0,3,13,0,612,66
bauertr01,Trevor Bauer,4038,CLE+CIN,11,13,34,34,1,1,0,639,184,106,34,82,253,0.479,10.18,0,10,19,0,911,118
bautige01,Gerson Bautista,2019,SEA,0,1,8,2,0,0,0,27,13,11,2,9,7,0.333,11,0,2,0,1,49,11
bednada01,David Bednar,2019,SDN,0,2,13,0,0,0,0,33,10,8,3,5,14,0.25,6.55,0,0,0,0,48,8
bedroca01,Cam Bedrosian,2019,LAA,3,3,59,7,0,0,1,184,48,22,7,22,64,0.207,3.23,0,9,3,0,258,30
beedety01,Tyler Beede,2019,SFN,5,10,24,22,0,0,0,351,127,66,22,46,113,0.271,5.08,1,9,5,0,523,70
beeksja01,Jalen Beeks,2019,TBA,6,3,33,3,0,0,1,313,115,50,12,40,89,0.281,4.31,1,3,9,0,464,56
bergetr01,Travis Bergen,2019,SFN,2,0,21,0,0,0,0,59,18,12,4,9,18,0.24,5.49,2,1,1,1,85,12
berrijo01,Jose Berrios,2019,MIN,14,8,32,32,1,0,0,601,194,82,26,51,195,0.251,3.68,0,8,9,1,842,94
betande01,Dellin Betances,2019,NYA,0,0,1,0,0,0,0,2,0,0,0,0,2,0,0,0,0,0,0,2,0
bettich01,Chad Bettis,2019,COL,1,6,39,3,0,0,1,191,78,43,10,21,42,0.301,6.08,3,2,5,0,287,47
biagijo01,Joe Biagini,4038,TOR+HOU,3,2,63,0,0,0,1,194,71,33,14,26,60,0.609,11.14,3,3,1,0,281,35
biddlje01,Jesse Biddle,6057,ATL+SEA+TEX,0,1,30,0,0,0,0,84,42,26,5,22,26,0.933,27.03,1,7,4,0,152,33
biebesh01,Shane Bieber,2019,CLE,15,8,34,33,3,2,0,643,186,78,31,40,259,0.23,3.28,1,6,6,1,859,86
birdky01,Kyle Bird,2019,TEX,0,0,12,0,0,0,1,38,11,11,5,15,10,0.229,7.82,0,2,2,1,65,11
blachty01,Ty Blach,4038,SFN+BAL,1,3,7,5,0,0,0,81,46,36,8,17,20,0.794,25.53,0,2,0,0,139,37
blackpa01,Paul Blackburn,2019,OAK,0,2,4,1,0,0,0,33,19,13,3,4,8,0.38,10.64,0,1,1,0,57,14
blackra01,Ray Black,4038,SFN+MIL,0,1,17,0,0,0,0,48,14,9,5,9,18,0.6000000000000001,9.64,0,0,1,0,70,9
blazemi01,Michael Blazek,2019,WAS,0,0,4,0,0,0,0,15,6,4,1,5,0,0.286,7.2,0,0,0,0,26,4
bleieri01,Richard Bleier,2019,BAL,3,0,53,1,0,0,4,166,65,33,6,8,30,0.295,5.37,2,1,4,0,235,34
blevije01,Jerry Blevins,2019,ATL,1,0,45,0,0,0,1,97,25,14,5,16,37,0.207,3.9,2,2,2,0,141,15
bolanro01,Ronald Bolanos,2019,SDN,0,2,5,3,0,0,0,59,17,13,3,12,19,0.23,5.95,0,1,1,0,88,13
borucry01,Ryan Borucki,2019,TOR,0,1,2,2,0,0,0,20,15,8,2,6,6,0.441,10.8,0,0,0,0,40,10
boshebu01,Buddy Boshers,2019,TOR,0,3,28,1,0,0,0,60,20,9,3,10,26,0.253,4.05,0,2,1,0,91,10
bourqja01,James Bourque,2019,WAS,0,0,1,0,0,0,0,2,3,4,0,2,0,0.75,54,0,0,0,0,6,4
bowmama01,Matthew Bowman,2019,CIN,2,0,27,0,0,0,0,96,27,13,2,13,25,0.221,3.66,3,0,0,0,137,15
boxbebr01,Brad Boxberger,2019,KCA,1,3,29,0,0,0,1,80,25,16,3,17,27,0.243,5.4,0,1,1,0,122,16
boydma01,Matt Boyd,2019,DET,9,12,32,32,0,0,0,556,178,94,39,50,238,0.247,4.56,1,6,8,4,788,101
brachbr01,Brad Brach,4038,CHN+NYN,5,4,58,0,0,0,0,163,57,33,4,31,60,0.5469999999999999,9.81,2,3,1,0,242,33
bradfch02,Chase Bradford,2019,SEA,0,0,12,0,0,0,1,50,17,9,6,4,11,0.266,4.86,0,1,0,0,69,9
bradlar01,Archie Bradley,2019,ARI,4,5,66,1,0,0,18,215,67,28,5,36,87,0.246,3.52,2,0,5,0,317,30
brasiry01,Ryan Brasier,2019,BOS,2,4,62,0,0,0,7,167,51,30,9,21,61,0.238,4.85,1,3,3,0,241,33
braulst01,Steven Brault,2019,PIT,4,6,25,19,0,0,0,340,117,65,15,53,100,0.265,5.16,2,7,7,1,505,69
brebbjo01,John Brebbia,2019,SLN,3,4,66,0,0,0,0,218,59,29,6,27,87,0.216,3.59,2,0,3,0,304,31
brennbr01,Brandon Brennan,2019,SEA,3,6,44,0,0,0,0,142,34,24,6,24,47,0.201,4.56,4,6,0,0,196,25
breweco01,Colten Brewer,2019,BOS,1,2,58,0,0,0,0,164,59,25,6,34,52,0.277,4.12,1,9,2,0,253,26
briceau01,Austin Brice,2019,MIA,1,0,36,0,0,0,0,134,37,17,7,18,46,0.214,3.43,2,2,7,0,199,21
brighje01,Jeff Brigham,2019,MIA,3,2,32,0,0,0,1,115,36,19,8,14,39,0.248,4.46,2,6,1,0,161,20
brittza01,Zack Britton,2019,NYA,3,1,66,0,0,0,3,184,38,13,3,32,53,0.182,1.91,1,3,1,0,245,13
brookaa01,Aaron Brooks,4038,OAK+BAL,6,8,29,18,0,0,0,330,118,69,21,34,82,0.538,11.19,0,4,10,1,482,72
brossmi01,Mike Brosseau,2019,TBA,0,0,3,0,0,0,0,12,5,2,1,0,0,0.294,4.5,0,0,1,0,18,2
buchhcl01,Clay Buchholz,2019,TOR,2,5,12,12,0,0,0,177,72,43,13,16,39,0.306,6.56,1,1,1,0,254,44
buchtry01,Ryan Buchter,2019,OAK,1,1,64,0,0,0,0,136,42,15,8,23,50,0.251,2.98,2,1,2,0,198,16
buehlwa01,Walker Buehler,2019,LAN,14,4,30,30,2,0,0,547,153,66,20,37,215,0.223,3.26,0,4,7,0,737,77
bumgama01,Madison Bumgarner,2019,SFN,9,9,34,34,0,0,0,623,191,90,30,43,203,0.245,3.9,3,3,10,0,844,99
bummeaa01,Aaron Bummer,2019,CHA,0,0,58,0,0,0,1,203,43,16,4,24,60,0.184,2.13,2,4,3,0,262,17
bundydy01,Dylan Bundy,2019,BAL,7,14,30,30,0,0,0,485,161,86,29,58,162,0.256,4.79,0,7,6,1,700,95
burdini01,Nick Burdi,2019,PIT,2,1,11,0,0,0,0,26,11,9,1,3,17,0.297,9.35,0,1,0,0,40,9
burkebr01,Brock Burke,2019,TEX,0,2,6,6,0,0,0,80,30,22,6,11,14,0.286,7.43,0,0,2,0,120,22
burneco01,Corbin Burnes,2019,MIL,1,5,32,4,0,0,1,147,70,48,17,20,70,0.33,8.82,0,2,0,0,235,52
burrry01,Ryan Burr,2019,CHA,1,1,16,1,0,0,0,59,17,10,3,8,20,0.227,4.58,0,0,0,0,86,13
buttrty01,Ty Buttrey,2019,LAA,6,7,72,0,0,0,2,217,69,32,8,23,84,0.247,3.98,0,6,5,0,309,34
cabrege01,Genesis Cabrera,2019,SLN,0,2,13,2,0,0,1,61,23,11,2,11,19,0.274,4.87,0,1,2,0,99,16
cahiltr01,Trevor Cahill,2019,LAA,4,9,37,11,0,0,0,307,111,68,25,39,81,0.273,5.98,0,14,6,0,455,71
cannigr01,Griffin Canning,2019,LAA,5,6,18,17,0,0,0,271,80,46,14,30,96,0.235,4.58,0,9,8,1,384,46
carasma01,Matt Carasiti,2019,SEA,0,1,11,5,0,0,0,29,11,5,2,5,10,0.297,4.66,0,4,0,0,43,6
caratvi01,Victor Caratini,2019,CHN,0,0,2,0,0,0,0,6,2,2,1,1,0,0.25,9,0,0,0,0,9,2
carlesh01,Shane Carle,2019,ATL,0,0,6,0,0,0,0,28,11,10,3,9,6,0.297,9.64,2,0,3,0,49,10
carpeda01,David Carpenter,2019,TEX,0,0,4,0,0,0,0,10,4,2,0,4,2,0.267,5.4,0,0,0,0,19,4
carpery01,Ryan Carpenter,2019,DET,1,6,9,9,0,0,0,122,61,42,12,13,25,0.339,9.3,0,0,2,2,197,46
carraca01,Carlos Carrasco,2019,CLE,6,7,23,12,1,1,1,240,92,47,18,16,96,0.288,5.29,1,2,2,0,341,48
cashnan01,Andrew Cashner,4038,BAL+BOS,11,8,42,23,0,0,1,450,144,78,19,58,108,0.521,10.030000000000001,0,8,4,0,636,84
castidi01,Diego Castillo,2019,TBA,5,8,65,6,0,0,8,206,59,26,8,26,81,0.23,3.41,4,5,5,0,290,32
castijo03,Jose Castillo,2019,SDN,0,0,1,0,0,0,0,2,0,0,0,1,2,0,0,0,1,1,0,4,0
castilu02,Luis Castillo,2019,CIN,15,8,32,32,0,0,0,572,139,72,22,79,226,0.202,3.4,0,5,7,3,781,76
castrmi01,Miguel Castro,2019,BAL,1,3,65,0,0,0,2,220,63,38,10,41,71,0.232,4.66,3,11,0,2,319,42
ceasedy01,Dylan Cease,2019,CHA,4,7,14,14,0,0,0,219,78,47,15,35,81,0.271,5.79,1,4,2,0,326,51
cedenxa01,Xavier Cedeno,2019,CHN,0,0,5,0,0,0,0,6,4,0,0,3,1,0.4,0,1,0,0,0,13,0
cessalu01,Luis Cessa,2019,NYA,2,1,43,0,0,0,1,243,75,37,14,31,75,0.246,4.11,1,1,3,0,343,42
chacijh01,Jhoulys Chacin,4038,MIL+BOS,3,12,25,24,0,0,0,310,115,69,25,46,101,0.5489999999999999,13.15,1,3,5,0,470,73
chafian01,Andrew Chafin,2019,ARI,2,2,77,0,0,0,0,158,52,22,6,18,68,0.257,3.76,0,2,2,0,225,23
chapmar01,Aroldis Chapman,2019,NYA,3,2,60,0,0,0,37,171,38,14,3,25,85,0.185,2.21,0,6,1,0,235,18
chargjt01,J. T. Chargois,2019,LAN,1,0,21,0,0,0,0,64,21,15,4,5,28,0.273,6.33,2,0,2,0,88,16
chatwty01,Tyler Chatwood,2019,CHN,5,3,38,5,0,0,2,230,65,32,8,37,74,0.232,3.76,0,8,5,0,324,33
chaveje01,Jesse Chavez,2019,TEX,3,5,48,9,0,0,1,234,82,42,12,22,72,0.267,4.85,0,1,5,0,337,48
chenwe02,Wei-Yin Chen,2019,MIA,0,1,45,0,0,0,0,205,87,50,15,18,63,0.311,6.59,2,2,5,0,307,54
chiriyo01,Yonny Chirinos,2019,TBA,9,5,26,18,0,0,0,400,112,57,23,28,114,0.225,3.85,1,4,3,3,530,61
cimbead01,Adam Cimber,2019,CLE,6,3,68,0,0,0,1,170,56,28,6,19,41,0.257,4.45,2,0,4,0,244,29
cishest01,Steve Cishek,2019,CHN,4,6,70,0,0,0,7,192,48,21,7,29,57,0.21,2.95,1,4,7,0,267,22
cisnejo01,Jose Cisnero,2019,DET,0,4,35,0,0,0,0,106,35,17,5,19,40,0.257,4.33,3,1,3,0,162,21
civalaa01,Aaron Civale,2019,CLE,3,4,10,10,0,0,0,173,44,15,4,16,46,0.216,2.34,0,2,1,0,227,18
clarkta01,Taylor Clarke,2019,ARI,5,5,23,15,0,0,1,254,86,50,23,30,68,0.263,5.31,0,3,6,0,369,55
claseem01,Emmanuel Clase,2019,TEX,2,3,21,1,0,0,1,70,20,6,2,6,21,0.23,2.31,0,1,1,0,94,8
claudal01,Alex Claudio,2019,MIL,2,2,83,0,0,0,0,186,57,28,8,24,44,0.246,4.06,2,1,6,0,267,29
clevimi01,Mike Clevinger,2019,CLE,13,4,21,21,0,0,0,378,96,38,10,37,169,0.209,2.71,0,0,2,0,499,38
clippty01,Tyler Clippard,2019,CLE,1,0,53,3,0,0,0,186,38,20,8,15,64,0.176,2.9,0,3,7,0,241,20
cobbal01,Alex Cobb,2019,BAL,0,2,3,3,0,0,0,37,21,15,9,2,8,0.362,10.95,0,0,0,0,60,16
coleaj01,A. J. Cole,2019,CLE,3,1,25,0,0,0,1,78,31,11,4,8,30,0.29,3.81,0,0,0,0,118,16
colege01,Gerrit Cole,2019,HOU,20,5,33,33,0,0,0,637,142,59,29,48,326,0.186,2.5,0,4,3,3,817,66
coleta01,Taylor Cole,2019,LAA,3,4,38,6,0,0,0,155,58,34,2,24,50,0.286,5.92,4,3,2,0,231,35
colliti01,Tim Collins,2019,CHN,0,0,9,0,0,0,0,26,9,3,1,3,4,0.265,3.12,0,0,0,0,38,3
colomal01,Alex Colome,2019,CHA,4,5,62,0,0,0,30,183,42,19,7,23,55,0.191,2.8,2,4,1,0,249,28
conlead01,Adam Conley,2019,MIA,2,11,60,0,0,0,2,182,76,44,10,29,53,0.308,6.53,6,2,3,0,283,45
coonrsa01,Sam Coonrod,2019,SFN,5,1,33,0,0,0,0,83,19,11,3,15,20,0.202,3.58,1,2,4,1,114,11
corbipa01,Patrick Corbin,2019,WAS,14,7,33,33,1,1,0,606,169,73,24,70,238,0.227,3.25,2,4,3,0,835,81
cordeji01,Jimmy Cordero,4038,TOR+CHA,1,1,31,0,0,0,0,112,26,12,4,11,31,0.589,9.5,0,1,3,0,146,12
cortene01,Nestor Cortes,2019,NYA,5,1,33,1,0,0,0,200,75,42,16,28,69,0.281,5.67,1,1,1,0,298,44
coveydy01,Dylan Covey,2019,CHA,1,8,18,12,0,0,0,176,75,52,12,28,41,0.306,7.98,2,3,3,0,280,54
crichst01,Stefan Crichton,2019,ARI,1,0,28,0,0,0,0,91,23,12,3,8,33,0.204,3.56,1,1,2,0,123,12
crickky01,Kyle Crick,2019,PIT,3,7,52,0,0,0,0,147,41,27,10,35,61,0.224,4.96,1,1,7,0,226,30
cuetojo01,Johnny Cueto,2019,SFN,1,2,4,4,0,0,0,48,11,9,3,9,13,0.196,5.06,0,1,0,0,67,9
culbech01,Charlie Culberson,2019,ATL,0,0,2,0,0,0,0,6,2,0,0,2,1,0.25,0,0,1,0,0,10,0
curtijo02,John Curtiss,2019,LAA,0,0,1,0,0,0,0,7,2,1,0,3,1,0.222,3.86,0,0,0,0,12,1
darviyu01,Yu Darvish,2019,CHN,6,8,31,31,0,0,0,536,140,79,33,56,229,0.213,3.98,1,11,11,0,731,82
davieza01,Zach Davies,2019,MIL,10,7,31,31,0,0,0,479,155,63,20,51,102,0.256,3.55,0,4,2,0,672,73
davisau01,Austin Davis,2019,PHI,0,0,14,0,0,0,0,62,22,15,6,14,24,0.272,6.53,1,0,3,0,98,15
davisch02,Chris Davis,2019,BAL,0,0,1,0,0,0,0,3,2,1,1,0,1,0.4,9,0,0,0,0,5,1
davisro03,Rookie Davis,2019,PIT,0,1,5,1,0,0,0,32,12,8,3,8,10,0.3,6.75,0,1,0,0,51,8
davista01,Taylor Davis,2019,CHN,0,0,1,0,0,0,0,3,3,0,0,0,0,0.5,0,0,0,0,0,6,0
daviswa01,Wade Davis,2019,COL,1,6,50,0,0,0,15,128,51,41,7,29,42,0.291,8.65,0,1,2,0,206,42
daytogr01,Grant Dayton,2019,ATL,0,1,14,0,0,0,0,36,12,4,4,4,14,0.255,3,0,0,0,0,51,5
degroja01,Jacob deGrom,2019,NYN,11,8,32,32,0,0,0,612,154,55,19,44,255,0.207,2.43,1,2,7,0,804,59
dejonch01,Chase De Jong,2019,MIN,0,0,1,0,0,0,0,3,3,4,1,3,0,0.5,36,0,0,0,0,9,4
deleojo03,Jose De Leon,2019,TBA,1,0,3,0,0,0,0,12,3,1,0,3,7,0.188,2.25,1,1,2,0,21,2
delosen01,Enyel De Los Santos,2019,PHI,0,1,5,1,0,0,0,33,13,9,4,5,9,0.317,7.36,0,1,0,1,46,9
delpomi01,Miguel Del Pozo,2019,LAA,1,1,17,0,0,0,0,28,10,11,3,8,11,0.286,10.61,0,0,0,0,45,11
descada01,Daniel Descalso,2019,CHN,0,0,1,0,0,0,0,3,2,2,1,0,0,0.4,18,0,0,0,0,5,2
desclan01,Anthony DeSclafani,2019,CIN,9,9,31,31,0,0,0,500,151,72,29,49,167,0.238,3.89,5,2,4,1,696,77
desmoia01,Ian Desmond,2019,COL,0,0,1,0,0,0,0,3,1,0,0,0,0,0.25,0,0,0,0,0,4,0
despaod01,Odrisamer Despaigne,2019,CHA,0,2,3,3,0,0,0,40,24,14,3,7,7,0.407,9.45,0,0,1,0,68,14
detwiro01,Ross Detwiler,2019,CHA,3,5,18,12,0,0,0,209,86,51,20,27,46,0.305,6.59,3,1,3,0,315,54
devench02,Chris Devenski,2019,HOU,2,3,61,1,0,0,0,207,69,37,13,21,72,0.256,4.83,0,2,3,0,298,39
diazed04,Edwin Diaz,2019,NYN,2,7,66,0,0,0,26,174,58,36,15,22,99,0.258,5.59,3,3,4,0,254,36
diazja01,Jairo Diaz,2019,COL,6,4,56,0,0,0,5,173,56,29,7,19,63,0.251,4.53,0,4,2,0,245,34
diazmi02,Miguel Diaz,2019,SDN,0,0,5,0,0,0,0,19,9,5,1,1,4,0.346,7.11,0,1,2,0,29,5
diazye01,Yennsy Diaz,2019,TOR,0,0,1,0,0,0,0,2,1,2,0,4,0,0.333,27,0,0,0,0,7,2
diehlph01,Phillip Diehl,2019,COL,0,0,10,0,0,0,0,22,10,6,1,2,8,0.313,7.36,0,1,1,0,35,6
diekmja01,Jake Diekman,4038,KCA+OAK,1,7,76,0,0,0,0,186,49,32,3,39,84,0.434,9.18,1,6,11,0,282,34
dixonbr01,Brandon Dixon,2019,DET,0,0,2,0,0,0,0,6,1,2,1,0,1,0.143,9,0,0,2,0,9,2
dobnara01,Randy Dobnak,2019,MIN,2,1,9,5,0,0,1,85,27,5,1,5,23,0.245,1.59,0,0,3,1,118,9
dominse01,Seranthony Dominguez,2019,PHI,3,0,27,0,0,0,0,74,24,11,3,12,29,0.25,4.01,0,1,1,0,110,13
doolise01,Sean Doolittle,2019,WAS,6,5,63,0,0,0,29,180,63,27,11,15,66,0.26,4.05,2,0,2,0,260,27
dowdyky01,Kyle Dowdy,2019,TEX,2,1,13,1,0,0,0,67,26,18,4,18,17,0.295,7.25,1,3,1,0,110,20
doziebr01,Brian Dozier,2019,WAS,0,0,1,0,0,0,0,3,2,2,1,0,0,0.4,18,0,0,0,0,5,2
drakeol01,Oliver Drake,2019,TBA,5,2,50,0,0,0,2,168,36,20,9,19,70,0.181,3.21,1,1,1,0,219,20
duffety01,Tyler Duffey,2019,MIN,5,1,58,0,0,0,0,173,44,16,8,14,82,0.201,2.5,1,3,3,1,238,23
duffyda01,Danny Duffy,2019,KCA,7,6,23,23,0,0,0,392,125,63,21,46,115,0.251,4.34,0,4,8,0,555,69
duggero01,Robert Dugger,2019,MIA,0,4,7,7,0,0,0,103,33,22,6,17,25,0.254,5.77,1,2,5,0,156,26
dukeza01,Zach Duke,2019,CIN,3,1,30,0,0,0,0,70,21,13,4,18,18,0.25,5.01,1,0,2,0,106,13
dullry01,Ryan Dull,6057,OAK+NYA+TOR,0,0,11,0,0,0,0,38,25,18,5,7,15,1.049,38.04,0,1,1,0,71,19
dunnju01,Justin Dunn,2019,SEA,0,0,4,4,0,0,0,20,2,2,0,9,5,0.105,2.7,0,0,0,0,30,2
dunnmi01,Mike Dunn,2019,COL,1,0,28,0,0,0,0,53,17,14,4,6,15,0.262,7.13,0,2,0,0,75,14
duplajo01,Jon Duplantier,2019,ARI,1,1,15,3,0,0,1,110,39,18,2,18,34,0.283,4.42,1,2,5,0,163,18
durapmo01,Montana DuRapau,2019,PIT,0,1,14,2,0,0,0,52,27,18,4,9,22,0.342,9.35,0,0,2,0,90,24
dysonsa01,Sam Dyson,4038,SFN+MIN,5,1,61,0,0,0,2,187,53,23,6,13,55,0.511,9.620000000000001,0,1,3,0,249,26
eadesry01,Ryan Eades,4038,MIN+BAL,0,1,8,0,0,0,0,34,11,3,2,6,10,0.5269999999999999,3.52,0,0,1,0,50,3
edwarca01,Carl Edwards,4038,CHN+SDN,1,1,22,0,0,0,0,51,12,16,3,13,19,0.551,38.269999999999996,0,4,1,1,78,17
edwarjo02,Jon Edwards,2019,CLE,2,0,9,0,0,0,0,24,5,2,2,6,5,0.179,2.25,0,0,2,0,36,2
eflinza01,Zach Eflin,2019,PHI,10,13,32,28,2,1,0,490,172,75,28,48,129,0.268,4.13,5,1,6,0,705,88
eickhje01,Jerad Eickhoff,2019,PHI,3,4,12,10,0,0,1,175,58,37,18,18,51,0.261,5.71,0,0,2,0,245,37
eliasro01,Roenis Elias,4038,SEA+WAS,4,2,48,0,0,0,14,150,46,22,10,18,47,0.641,12.64,1,1,1,1,216,32
ellisch01,Chris Ellis,2019,KCA,0,0,1,0,0,0,0,3,1,0,0,1,0,0.25,0,0,0,0,0,5,0
eovalna01,Nathan Eovaldi,2019,BOS,2,1,23,12,0,0,0,203,72,45,16,35,70,0.276,5.99,0,6,3,0,302,46
erlinro01,Robbie Erlin,2019,SDN,0,1,37,1,0,0,0,166,72,33,6,15,52,0.312,5.37,0,3,1,0,251,36
escoblu01,Luis Escobar,2019,PIT,0,0,4,0,0,0,0,17,10,5,1,4,2,0.455,7.94,0,1,1,0,29,5
eshelto01,Thomas Eshelman,2019,BAL,1,2,10,4,0,0,0,108,47,26,12,11,22,0.313,6.5,1,0,1,0,164,31
estevca01,Carlos Estevez,2019,COL,2,2,71,0,0,0,0,216,70,30,12,23,81,0.25,3.75,1,1,1,1,308,34
estrama01,Marco Estrada,2019,OAK,0,2,5,5,0,0,0,71,23,18,7,8,11,0.242,6.85,0,2,3,0,106,19
fairbpe01,Pete Fairbanks,4038,TEX+TBA,2,3,21,0,0,0,2,63,25,16,5,10,28,0.544,14.46,0,2,0,0,99,20
familje01,Jeurys Familia,2019,NYN,4,2,66,0,0,0,0,180,62,38,7,42,63,0.274,5.7,4,3,3,0,274,39
fariaja01,Jake Faria,4038,TBA+MIL,0,1,16,0,0,0,0,56,28,14,5,12,19,0.6890000000000001,14.120000000000001,0,3,1,0,95,15
farmebu01,Buck Farmer,2019,DET,6,6,73,1,0,0,0,203,62,28,8,24,73,0.247,3.72,2,4,5,0,288,32
farmeky01,Kyle Farmer,2019,CIN,0,0,1,0,0,0,0,4,1,0,0,0,0,0.2,0,0,0,0,0,5,0
farrelu01,Luke Farrell,2019,TEX,1,0,9,1,0,0,0,40,6,4,3,3,12,0.136,2.7,0,0,0,0,48,4
feddeer01,Erick Fedde,2019,WAS,4,2,21,12,0,0,0,234,81,39,11,33,41,0.276,4.5,2,1,2,0,334,39
federti01,Tim Federowicz,2019,TEX,0,0,1,0,0,0,0,3,3,1,1,0,0,0.5,9,0,0,0,0,6,1
feierry01,Ryan Feierabend,2019,TOR,0,1,2,1,1,0,0,17,11,7,2,1,4,0.393,11.12,0,1,0,0,29,7
felizmi01,Michael Feliz,2019,PIT,4,4,58,1,0,0,0,169,44,25,11,27,73,0.212,3.99,1,0,2,1,239,27
ferguca01,Caleb Ferguson,2019,LAN,1,2,46,2,0,0,0,134,39,24,7,27,54,0.234,4.84,2,1,6,1,204,26
fernajo04,Jose Fernandez,2019,DET,0,0,4,0,0,0,0,11,6,7,1,5,2,0.375,17.18,1,0,1,0,23,8
fernaju01,Junior Fernandez,2019,SLN,0,1,13,0,0,0,0,35,9,7,2,6,16,0.205,5.4,0,2,4,0,54,7
festama01,Matt Festa,2019,SEA,0,2,20,0,0,0,0,67,20,14,5,12,21,0.241,5.64,1,1,2,0,101,15
fiersmi01,Mike Fiers,2019,OAK,15,4,33,33,1,1,0,554,166,80,30,53,126,0.243,3.9,0,13,9,1,754,82
fillmhe01,Heath Fillmyer,2019,KCA,0,2,12,3,0,0,0,67,28,20,6,12,15,0.308,8.06,0,1,3,0,109,20
flaheja01,Jack Flaherty,2019,SLN,11,8,33,33,0,0,0,589,135,60,25,55,231,0.192,2.75,2,6,7,0,772,62
flexech01,Chris Flexen,2019,NYN,0,3,9,1,0,0,0,41,15,10,1,13,10,0.268,6.59,2,1,0,0,70,12
florody01,Dylan Floro,2019,LAN,5,3,50,0,0,0,0,140,46,22,4,14,42,0.253,4.24,5,1,2,0,201,25
flynnbr01,Brian Flynn,2019,KCA,2,2,11,1,0,0,0,88,38,17,2,17,22,0.333,5.22,2,2,3,1,139,18
foltymi01,Mike Foltynewicz,2019,ATL,8,6,21,21,0,0,0,351,109,59,23,37,105,0.244,4.54,2,5,2,0,491,65
fontwi01,Wilmer Font,6057,TBA+NYN+TOR,4,5,48,17,0,0,0,253,78,42,17,29,95,0.747,14.39,2,2,3,1,356,42
fordmi01,Mike Ford,2019,NYA,0,0,1,0,0,0,0,6,6,5,2,0,1,0.5,22.5,0,0,0,0,12,5
francen01,Enderson Franco,2019,SFN,0,0,5,0,0,0,0,16,4,2,1,1,4,0.211,3.38,0,0,0,0,20,2
francty01,Ty France,2019,SDN,0,0,2,0,0,0,0,6,2,1,1,0,0,0.25,4.5,0,0,0,0,8,1
frareca01,Caleb Frare,2019,CHA,0,0,5,0,0,0,0,8,2,3,1,4,3,0.2,10.13,0,2,0,0,14,3
freelky01,Kyle Freeland,2019,COL,3,11,22,22,0,0,0,313,126,78,25,39,79,0.296,6.73,3,4,2,0,473,85
freemmi01,Mike Freeman,2019,CLE,0,0,1,0,0,0,0,6,2,2,1,0,0,0.25,9,0,0,0,0,8,2
freemsa01,Sam Freeman,2019,LAA,0,0,1,0,0,0,0,6,3,1,1,2,0,0.333,4.5,0,0,0,0,11,1
friedma01,Max Fried,2019,ATL,17,6,33,30,1,0,0,497,174,74,21,47,173,0.27,4.02,3,11,5,1,702,80
fryja01,Jace Fry,2019,CHA,3,4,68,0,0,0,0,165,44,29,7,43,68,0.218,4.75,3,4,3,0,251,33
frypa01,Paul Fry,2019,BAL,1,9,66,0,0,0,3,172,54,34,7,29,55,0.247,5.34,1,2,6,0,255,39
fulmeca01,Carson Fulmer,2019,CHA,1,2,20,2,0,0,0,82,26,19,5,20,25,0.243,6.26,0,1,3,0,133,22
gagnodr01,Drew Gagnon,2019,NYN,3,1,18,0,0,0,0,71,34,22,11,7,17,0.315,8.37,0,2,2,0,117,26
gallegi01,Giovanny Gallegos,2019,SLN,3,2,66,0,0,0,1,222,44,19,9,16,93,0.17,2.31,2,3,3,1,279,19
galleza01,Zac Gallen,4038,MIA+ARI,3,6,15,15,0,0,0,240,62,25,8,36,96,0.41900000000000004,5.61,1,3,4,0,334,26
gantjo01,John Gant,2019,SLN,11,1,64,0,0,0,3,199,51,27,4,34,60,0.217,3.66,1,1,0,0,269,29
garcibr01,Bryan Garcia,2019,DET,0,0,7,0,0,0,0,20,9,9,1,5,7,0.321,12.15,1,1,0,0,33,9
garcied01,Edgar Garcia,2019,PHI,2,0,37,0,0,0,0,117,38,25,11,26,45,0.266,5.77,2,4,0,0,172,25
garcija04,Jarlin Garcia,2019,MIA,4,2,53,0,0,0,0,152,40,17,4,16,39,0.216,3.02,2,4,2,0,206,17
garcilu03,Luis Garcia,2019,LAA,2,1,64,2,0,0,1,186,61,30,13,33,57,0.257,4.35,1,7,5,0,278,35
garciri01,Rico Garcia,2019,COL,0,1,2,1,0,0,0,18,9,7,3,5,2,0.36,10.5,0,0,0,0,30,7
garciyi01,Yimi Garcia,2019,LAN,1,4,64,0,0,0,0,187,40,25,15,14,66,0.178,3.61,2,1,6,1,247,28
garream01,Amir Garrett,2019,CIN,5,3,69,0,0,0,0,168,44,20,7,35,78,0.213,3.21,1,5,4,1,246,22
garrere01,Reed Garrett,2019,DET,0,0,13,0,0,0,0,46,24,14,3,13,10,0.381,8.22,0,0,1,0,77,15
gartory01,Ryan Garton,2019,SEA,0,0,2,0,0,0,0,9,4,4,2,1,1,0.308,12,0,0,0,0,14,4
gausmke01,Kevin Gausman,4038,ATL+CIN,3,9,31,17,0,0,0,307,113,65,15,32,114,0.54,10.22,3,2,5,0,451,71
gavigsa01,Sam Gaviglio,2019,TOR,4,2,52,0,0,0,0,287,85,49,18,22,88,0.235,4.61,0,0,4,1,392,51
gearrco01,Cory Gearrin,4038,SEA+NYA,1,3,66,2,0,0,0,166,55,25,5,25,47,0.5449999999999999,8.42,1,4,4,1,241,25
germado01,Domingo German,2019,NYA,18,4,27,24,0,0,0,429,125,64,30,39,153,0.228,4.03,0,5,5,0,594,69
gibauia01,Ian Gibaut,4038,TBA+TEX,1,1,10,0,0,0,0,43,12,9,1,10,16,0.41100000000000003,14.11,1,1,1,0,64,9
gibsoky01,Kyle Gibson,2019,MIN,13,7,34,29,0,0,0,480,175,86,23,56,160,0.275,4.84,0,8,7,0,706,99
gileske01,Ken Giles,2019,TOR,2,3,53,0,0,0,23,159,36,11,5,17,83,0.188,1.87,1,2,0,0,208,11
gilmase01,Sean Gilmartin,2019,BAL,0,1,1,1,0,0,0,7,7,5,2,2,1,0.5,19.29,0,0,0,0,16,5
ginkeke01,Kevin Ginkel,2019,ARI,3,0,25,0,0,0,2,73,15,4,2,9,28,0.174,1.48,0,2,0,0,96,7
giolilu01,Lucas Giolito,2019,CHA,14,9,29,29,3,2,0,530,131,67,24,57,228,0.205,3.41,1,6,4,0,705,69
givenmy01,Mychal Givens,2019,BAL,2,6,58,0,0,0,11,189,49,32,13,26,86,0.213,4.57,1,5,2,0,260,35
glasnty01,Tyler Glasnow,2019,TBA,6,1,12,12,0,0,0,182,40,12,4,14,76,0.186,1.78,0,2,0,0,230,13
godleza01,Zack Godley,4038,ARI+TOR,4,5,33,9,0,0,2,276,96,61,14,42,70,0.522,10.33,2,3,5,1,407,62
gomezje01,Jeanmar Gomez,2019,TEX,1,0,16,0,0,0,0,46,23,14,2,6,10,0.359,8.22,0,2,1,0,73,15
gonsoto01,Tony Gonsolin,2019,LAN,4,2,11,6,0,0,1,120,26,13,4,15,37,0.178,2.93,0,2,1,0,163,15
gonzach01,Chi Chi Gonzalez,2019,COL,2,6,14,12,0,0,0,189,59,37,11,33,46,0.246,5.29,0,1,1,0,278,39
gonzagi01,Gio Gonzalez,2019,MIL,3,2,19,17,0,0,0,262,76,34,9,37,78,0.234,3.5,0,5,0,0,366,36
gonzama02,Marco Gonzales,2019,SEA,16,13,34,34,0,0,0,609,210,90,23,56,147,0.264,3.99,1,2,6,1,866,106
goodyni01,Nick Goody,2019,CLE,3,2,39,0,0,0,0,122,30,16,7,22,50,0.201,3.54,1,0,0,0,173,18
gordoal01,Alex Gordon,2019,KCA,0,0,2,0,0,0,0,7,8,5,1,2,0,0.571,19.29,0,0,0,0,17,5
gotttr01,Trevor Gott,2019,SFN,7,0,50,0,0,0,1,158,41,26,4,17,57,0.216,4.44,0,1,2,0,214,26
gracema02,Matt Grace,2019,WAS,1,2,51,1,0,0,0,140,61,33,11,10,35,0.319,6.36,0,1,2,0,206,34
gratebr01,Brusdar Graterol,2019,MIN,1,1,10,0,0,0,0,29,10,5,1,2,10,0.278,4.66,1,2,1,0,40,5
grayjo02,Jon Gray,2019,COL,11,8,26,25,0,0,0,450,147,64,19,56,150,0.259,3.84,4,7,4,0,637,70
grayso01,Sonny Gray,2019,CIN,11,8,31,31,0,0,0,526,122,56,17,68,205,0.196,2.87,1,7,7,1,708,59
greench03,Chad Green,2019,NYA,4,4,54,15,0,0,2,207,66,32,10,19,98,0.247,4.17,0,2,6,0,295,35
greensh02,Shane Greene,4038,DET+ATL,0,3,65,0,0,0,23,188,46,16,8,17,64,0.42200000000000004,5.1899999999999995,1,0,3,0,252,22
gregelu01,Luke Gregerson,2019,SLN,0,0,6,0,0,0,0,17,11,5,0,1,2,0.423,7.94,0,0,0,0,27,5
greinza01,Zack Greinke,4038,ARI+HOU,18,5,33,33,0,0,0,626,175,68,21,30,187,0.46599999999999997,5.92,2,2,4,1,810,73
grotzza01,Zac Grotz,2019,SEA,1,0,14,0,0,0,0,52,14,8,0,8,18,0.222,4.15,1,6,1,0,73,9
gsellro01,Robert Gsellman,2019,NYN,2,3,52,0,0,0,1,191,64,33,7,23,60,0.261,4.66,2,4,6,0,277,36
guduare01,Reymin Guduan,2019,HOU,1,0,7,0,0,0,0,16,8,7,3,4,6,0.364,11.81,0,0,0,0,27,7
guerrde01,Deolis Guerra,2019,MIL,0,0,1,0,0,0,0,2,4,4,1,0,0,0.8,54,0,0,0,0,6,4
guerrja01,Javy Guerra,4038,TOR+WAS,3,1,51,0,0,0,2,203,67,35,10,17,57,0.487,8.72,3,3,1,0,287,36
guerrja02,Javy Guerra,2019,SDN,0,0,8,0,0,0,0,26,7,5,3,3,6,0.219,5.19,0,0,0,0,36,5
guerrju02,Junior Guerra,2019,MIL,9,5,72,0,0,0,3,251,58,33,11,36,77,0.194,3.55,2,5,4,0,344,35
guerrta01,Tayron Guerrero,2019,MIA,1,2,52,0,0,0,0,138,42,32,7,36,43,0.246,6.26,0,9,6,0,216,34
guerrta02,Taylor Guerrieri,2019,TEX,0,0,20,0,0,0,0,79,26,17,3,22,27,0.263,5.81,0,2,2,0,123,19
guilbta01,Taylor Guilbeau,2019,SEA,0,0,17,0,0,0,0,37,10,5,2,3,7,0.213,3.65,1,0,1,0,51,6
gustaja01,Jandel Gustave,2019,SFN,0,0,23,0,0,0,1,73,18,8,1,9,14,0.209,2.96,0,0,0,0,99,11
gyorkje01,Jedd Gyorko,2019,SLN,0,0,1,0,0,0,0,1,0,0,0,0,1,0,0,0,0,0,0,1,0
haderjo01,Josh Hader,2019,MIL,3,5,61,0,0,0,37,227,41,22,15,20,138,0.155,2.62,2,0,4,0,289,24
hahnje01,Jesse Hahn,2019,KCA,0,1,6,0,0,0,0,14,7,7,1,6,7,0.333,13.5,1,0,0,0,27,7
haleda02,David Hale,2019,NYA,3,0,20,0,0,0,2,113,39,13,2,7,23,0.264,3.11,1,2,1,0,157,13
hallma02,Matt Hall,2019,DET,0,1,16,0,0,0,0,70,28,20,4,15,27,0.289,7.71,1,1,1,0,113,20
hamelco01,Cole Hamels,2019,CHN,7,7,27,27,0,0,0,425,141,60,17,56,143,0.26,3.81,1,1,7,0,617,64
hammejd01,J. D. Hammer,2019,PHI,1,0,20,0,0,0,0,57,15,8,2,12,13,0.217,3.79,0,1,0,0,81,8
handbr01,Brad Hand,2019,CLE,6,4,60,0,0,0,34,172,53,21,6,18,84,0.242,3.3,5,0,4,0,242,21
happja01,J. A. Happ,2019,NYA,12,8,31,30,0,0,0,484,160,88,34,49,140,0.258,4.91,1,3,5,0,678,88
hardybl01,Blaine Hardy,2019,DET,1,1,39,0,0,0,0,133,38,22,10,13,29,0.232,4.47,0,3,0,0,182,24
harpery01,Ryne Harper,2019,MIN,4,2,61,0,0,0,1,163,54,23,7,10,50,0.257,3.81,0,5,1,0,225,25
harriwi02,Will Harris,2019,HOU,4,1,68,0,0,0,4,180,42,10,6,14,62,0.196,1.5,0,3,0,0,229,14
hartdo01,Donnie Hart,4038,MIL+NYN,0,0,5,0,0,0,0,23,4,0,0,4,3,0.182,0,1,0,0,0,29,0
hartlge01,Geoff Hartlieb,2019,PIT,0,1,29,0,0,0,0,105,52,35,8,18,38,0.351,9,0,5,0,1,171,35
harvehu01,Hunter Harvey,2019,BAL,1,0,7,0,0,0,0,19,3,1,1,4,11,0.136,1.42,0,0,0,0,26,1
harvejo01,Joe Harvey,4038,NYA+COL,1,0,18,0,0,0,0,54,18,10,3,13,17,0.5229999999999999,10.129999999999999,0,0,2,0,84,11
harvema01,Matt Harvey,2019,LAA,3,5,12,12,0,0,0,179,63,47,13,29,39,0.275,7.09,0,3,3,0,266,48
heanean01,Andrew Heaney,2019,LAA,4,6,18,18,0,0,0,286,93,52,20,30,118,0.251,4.91,1,4,7,0,409,53
hearnta01,Taylor Hearn,2019,TEX,0,1,1,1,0,0,0,1,3,4,0,4,0,0.75,108,0,0,0,0,8,5
hellebe01,Ben Heller,2019,NYA,0,0,6,0,0,0,0,22,6,1,1,3,9,0.25,1.23,1,0,0,0,28,1
hellije01,Jeremy Hellickson,2019,WAS,2,3,9,8,0,0,0,117,47,27,9,20,30,0.294,6.23,1,1,1,0,183,31
helslry01,Ryan Helsley,2019,SLN,2,0,24,0,0,0,0,110,34,12,5,12,32,0.245,2.95,2,2,0,1,153,13
hembrhe01,Heath Hembree,2019,BOS,1,0,45,0,0,0,2,119,34,17,7,18,46,0.224,3.86,2,2,3,0,173,20
hendrky01,Kyle Hendricks,2019,CHN,11,10,30,30,1,1,0,531,168,68,19,32,150,0.249,3.46,1,1,9,0,730,78
hendrli01,Liam Hendriks,2019,OAK,4,4,75,2,0,0,25,255,61,17,5,21,124,0.201,1.8,5,7,2,0,332,18
hergeji01,Jimmy Herget,2019,CIN,0,0,5,0,0,0,0,19,8,3,2,3,0,0.348,4.26,0,0,0,0,26,3
hernada01,David Hernandez,2019,CIN,2,5,47,0,0,0,2,128,53,38,7,20,53,0.306,8.02,3,1,1,0,198,39
hernada02,Darwinzon Hernandez,2019,BOS,0,1,29,1,0,0,0,91,27,15,1,26,57,0.231,4.45,1,4,3,0,147,18
hernael01,Elieser Hernandez,2019,MIA,3,5,21,15,0,0,0,247,76,46,20,26,85,0.242,5.03,1,2,9,1,353,49
hernafe02,Felix Hernandez,2019,SEA,1,8,15,15,0,0,0,215,85,51,17,25,57,0.291,6.4,0,5,6,0,325,58
hernajo02,Jonathan Hernandez,2019,TEX,2,1,9,2,0,0,0,50,14,8,3,13,19,0.219,4.32,0,1,0,0,78,10
herreke01,Kelvin Herrera,2019,CHA,3,3,57,0,0,0,1,154,60,35,8,23,53,0.288,6.14,6,8,1,2,235,36
hessda01,David Hess,2019,BAL,1,10,23,14,0,0,0,240,94,63,28,30,68,0.287,7.09,0,1,2,0,365,73
hicksjo03,Jordan Hicks,2019,SLN,2,2,29,0,0,0,14,86,16,10,2,11,31,0.163,3.14,0,2,1,0,110,10
hildetr01,Trevor Hildenberger,2019,MIN,2,2,22,0,0,0,1,49,30,19,2,7,15,0.395,10.47,0,1,3,0,88,19
hillri01,Rich Hill,2019,LAN,4,1,13,13,0,0,0,176,48,16,10,18,72,0.223,2.45,2,0,4,0,242,20
hillti01,Tim Hill,2019,KCA,2,0,46,0,0,0,1,119,31,16,4,13,39,0.217,3.63,2,0,4,0,161,17
hiranyo01,Yoshihisa Hirano,2019,ARI,5,5,62,0,0,0,1,159,51,28,7,22,61,0.249,4.75,2,2,3,0,233,31
hoffmje02,Jeff Hoffman,2019,COL,2,6,15,15,0,0,0,210,77,51,21,34,68,0.283,6.56,3,2,4,0,315,51
holadbr01,Bryan Holaday,2019,MIA,0,0,1,0,0,0,0,1,0,0,0,0,0,0,0,0,0,0,0,1,0
holdejo02,Jonathan Holder,2019,NYA,5,2,34,1,0,0,0,124,43,29,8,11,46,0.256,6.31,1,0,2,0,181,32
hollade01,Derek Holland,4038,SFN+CHN,2,5,51,8,1,0,0,253,82,57,20,45,82,0.507,12.79,2,1,4,0,376,61
hollagr01,Greg Holland,2019,ARI,1,2,40,0,0,0,17,107,25,18,5,24,41,0.198,4.54,2,6,0,0,152,18
holmecl01,Clay Holmes,2019,PIT,1,2,35,0,0,0,0,150,45,31,5,36,56,0.232,5.58,1,4,9,0,240,36
housead01,Adrian Houser,2019,MIL,6,7,35,18,0,0,0,334,101,46,14,37,117,0.244,3.72,2,2,5,0,462,49
howarsa01,Sam Howard,2019,COL,2,0,20,0,0,0,0,57,21,14,5,10,23,0.276,6.63,0,2,3,0,91,16
hoytja01,James Hoyt,2019,CLE,0,0,8,0,0,0,0,25,6,2,2,2,10,0.2,2.16,0,0,0,0,32,2
huangwe01,Wei-Chieh Huang,2019,TEX,0,0,4,0,0,0,0,17,8,2,0,5,2,0.308,3.18,0,3,1,0,32,5
hudsoda01,Daniel Hudson,4038,TOR+WAS,9,3,69,1,0,0,8,219,56,20,8,27,71,0.41500000000000004,4.4399999999999995,2,2,4,0,304,25
hudsoda02,Dakota Hudson,2019,SLN,16,7,33,32,0,0,1,524,160,65,22,86,136,0.245,3.35,8,5,9,0,757,80
hugheja02,Jared Hughes,4038,CIN+PHI,5,5,72,0,0,0,1,214,57,32,13,27,54,0.434,8.01,1,1,2,0,289,37
hultzda01,Danny Hultzen,2019,CHN,0,0,6,0,0,0,0,10,4,0,0,2,5,0.267,0,0,0,1,0,18,0
hunteto02,Tommy Hunter,2019,PHI,0,0,5,0,0,0,0,16,2,0,0,0,5,0.111,0,0,0,0,0,18,0
iglesra01,Raisel Iglesias,2019,CIN,3,12,68,0,0,0,34,201,61,31,12,21,89,0.24,4.16,4,3,2,0,279,31
irvinco01,Cole Irvin,2019,PHI,2,1,16,3,0,0,1,125,45,27,7,13,31,0.278,5.83,1,1,3,0,181,28
jacksed01,Edwin Jackson,4038,TOR+DET,3,10,18,13,0,0,0,203,105,72,23,32,52,0.7090000000000001,19.59,0,6,3,0,336,81
jacksja01,Jay Jackson,2019,MIL,1,0,28,0,0,0,0,91,22,15,6,18,47,0.202,4.45,1,0,2,0,132,15
jackslu01,Luke Jackson,2019,ATL,9,2,70,0,0,0,18,218,76,31,10,26,106,0.266,3.84,4,3,2,0,315,34
jamesjo02,Josh James,2019,HOU,5,1,49,1,0,0,1,184,46,32,10,35,100,0.203,4.7,0,6,4,0,266,34
janseke01,Kenley Jansen,2019,LAN,5,3,62,0,0,0,33,189,51,26,9,16,80,0.213,3.71,0,2,4,3,263,28
jeffrje01,Jeremy Jeffress,2019,MIL,3,4,48,0,0,0,1,156,54,29,5,17,46,0.269,5.02,0,1,5,0,225,32
jennida01,Dan Jennings,2019,WAS,1,2,8,0,0,0,0,14,8,7,1,7,9,0.333,13.5,2,1,1,0,32,8
jerezwi01,Williams Jerez,4038,SFN+PIT,1,0,12,0,0,0,0,31,12,5,2,9,9,0.617,10.06,0,2,0,0,48,5
jewelja01,Jake Jewell,2019,LAA,0,0,18,0,0,0,0,79,28,20,8,8,23,0.275,6.84,0,0,3,0,114,20
jimened01,Eduardo Jimenez,2019,DET,0,0,8,0,0,0,0,32,12,7,1,5,8,0.273,5.91,0,1,0,0,49,7
jimenjo02,Joe Jimenez,2019,DET,4,7,66,0,0,0,9,179,56,29,13,23,82,0.243,4.37,1,1,4,1,257,33
johnsbr02,Brian Johnson,2019,BOS,1,3,21,7,0,0,0,121,53,27,6,23,31,0.315,6.02,3,5,0,0,193,29
johnsdj01,DJ Johnson,2019,COL,0,2,28,0,0,0,0,75,23,14,1,19,24,0.247,5.04,2,4,3,0,116,14
jonesna01,Nate Jones,2019,CHA,0,1,13,0,0,0,1,31,10,4,2,7,10,0.256,3.48,1,2,1,0,47,4
josepca01,Caleb Joseph,2019,ARI,0,0,2,0,0,0,0,4,0,0,0,0,0,0,0,0,0,0,0,4,0
junisja01,Jakob Junis,2019,KCA,9,14,31,31,0,0,0,526,192,102,31,58,164,0.276,5.24,1,4,11,0,771,108
juradar01,Ariel Jurado,2019,TEX,7,11,32,18,1,0,0,367,148,79,21,36,81,0.304,5.81,1,3,4,0,541,94
kahnlto01,Tommy Kahnle,2019,NYA,3,2,72,0,0,0,0,184,45,25,9,20,88,0.2,3.67,0,8,2,0,248,27
karinja01,James Karinchak,2019,CLE,0,0,5,0,0,0,0,16,3,1,0,1,8,0.15,1.69,0,2,0,0,22,1
karnsna01,Nate Karns,2019,BAL,0,1,4,2,0,0,0,16,7,0,0,3,5,0.333,0,0,1,1,0,25,1
kayan01,Anthony Kay,2019,TOR,1,0,3,2,0,0,0,42,15,9,0,5,13,0.263,5.79,0,1,1,0,63,9
kelake01,Keone Kela,2019,PIT,2,0,32,0,0,0,1,89,19,7,3,11,33,0.178,2.12,0,1,1,0,119,7
kellebr01,Brad Keller,2019,KCA,7,14,28,28,0,0,0,496,154,77,15,70,122,0.247,4.19,2,9,9,1,709,80
kelleky01,Kyle Keller,2019,MIA,0,0,10,0,0,0,0,32,5,4,3,8,11,0.139,3.38,0,0,2,0,46,4
kellemi03,Mitch Keller,2019,PIT,1,5,11,11,0,0,0,144,72,38,6,16,65,0.348,7.13,0,2,1,0,227,41
kellesh01,Shawn Kelley,2019,TEX,5,2,50,0,0,0,11,142,55,26,12,11,43,0.291,4.94,2,2,2,0,205,27
kelletr01,Trevor Kelley,2019,BOS,0,3,10,0,0,0,0,25,9,8,2,5,6,0.29,8.64,0,2,0,0,40,8
kellyjo05,Joe Kelly,2019,LAN,5,4,55,0,0,0,1,154,49,26,6,22,62,0.244,4.56,2,10,3,0,226,31
kellyme01,Merrill Kelly,2019,ARI,13,14,32,32,0,0,0,550,184,90,29,57,158,0.26,4.42,4,4,2,0,777,95
kenneia01,Ian Kennedy,2019,KCA,3,2,63,0,0,0,30,190,64,24,6,17,73,0.261,3.41,1,3,1,0,266,24
kershcl01,Clayton Kershaw,2019,LAN,16,5,29,28,0,0,0,535,145,60,28,41,189,0.222,3.03,0,7,2,1,706,63
keuchda01,Dallas Keuchel,2019,ATL,8,8,19,19,0,0,0,338,115,47,16,39,91,0.265,3.75,1,6,9,0,487,50
kikucyu01,Yusei Kikuchi,2019,SEA,6,11,32,32,1,1,0,485,195,98,36,50,116,0.295,5.46,0,5,6,1,721,109
kimbrcr01,Craig Kimbrel,2019,CHN,0,4,23,0,0,0,13,62,21,15,9,12,30,0.259,6.53,0,0,2,0,96,15
kinghni01,Nick Kingham,4038,PIT+TOR,4,2,25,4,0,0,1,167,78,45,11,25,46,0.661,12.87,1,3,0,0,259,45
kingmi01,Mike King,2019,NYA,0,0,1,0,0,0,0,6,2,0,0,0,1,0.222,0,0,0,0,0,9,1
kinlety01,Tyler Kinley,2019,MIA,3,1,52,0,0,0,1,148,43,20,5,36,46,0.238,3.65,2,3,1,0,221,20
kinslia01,Ian Kinsler,2019,SDN,0,0,1,0,0,0,0,3,1,0,0,2,0,0.333,0,0,0,1,0,6,0
kintzbr01,Brandon Kintzler,2019,CHN,3,3,62,0,0,0,1,171,45,17,5,13,48,0.215,2.68,3,0,4,0,227,18
kittran01,Andrew Kittredge,2019,TBA,1,0,37,7,0,0,0,149,51,23,7,12,58,0.263,4.17,0,2,2,0,210,25
klinebr01,Branden Kline,2019,BAL,1,4,34,0,0,0,0,123,44,27,9,19,34,0.275,5.93,0,3,1,0,183,28
klubeco01,Corey Kluber,2019,CLE,2,3,7,7,0,0,0,107,44,23,4,15,38,0.297,5.8,0,1,3,0,168,26
kochma01,Matt Koch,2019,ARI,0,0,9,0,0,0,0,62,29,21,8,4,9,0.333,9.15,0,1,5,0,96,21
kolarad01,Adam Kolarek,4038,TBA+LAN,6,3,80,0,0,0,1,165,48,20,7,16,45,0.443,4.720000000000001,4,1,3,0,229,22
kuhnejo01,Joel Kuhnel,2019,CIN,1,0,11,0,0,0,0,29,8,5,1,5,9,0.216,4.66,0,0,0,0,42,5
lailbr01,Brady Lail,2019,NYA,0,0,1,0,0,0,0,8,2,3,1,1,2,0.222,10.13,0,0,0,0,10,3
lakintr01,Travis Lakins,2019,BOS,0,1,16,3,0,0,0,70,23,10,1,10,18,0.258,3.86,1,1,1,0,102,11
lambepe01,Peter Lambert,2019,COL,3,7,19,19,0,0,0,268,119,72,18,36,57,0.321,7.25,3,5,6,0,420,74
lametdi01,Dinelson Lamet,2019,SDN,3,5,14,14,0,0,0,219,62,33,12,30,105,0.226,4.07,0,6,5,0,313,38
lauerer01,Eric Lauer,2019,SDN,8,10,30,29,0,0,0,449,158,74,20,51,138,0.268,4.45,4,4,5,1,651,82
lawde01,Derek Law,2019,TOR,1,2,58,4,0,0,5,182,61,33,8,40,67,0.256,4.9,3,7,3,0,285,36
leakemi01,Mike Leake,4038,SEA+ARI,12,11,32,32,2,1,0,591,227,94,41,27,127,0.5840000000000001,8.62,2,2,10,0,835,114
leblawa01,Wade LeBlanc,2019,SEA,6,7,26,8,0,0,0,364,145,77,28,31,92,0.291,5.71,1,0,1,0,532,80
leclejo01,Jose Leclerc,2019,TEX,2,4,70,3,0,0,14,206,52,33,7,39,100,0.209,4.33,1,7,6,0,299,34
leonedo01,Dominic Leone,2019,SLN,1,0,40,0,0,0,1,122,39,25,9,22,46,0.25,5.53,2,1,0,0,180,28
lestejo01,Jon Lester,2019,CHN,13,10,31,31,0,0,0,515,205,85,26,52,165,0.294,4.46,0,3,5,0,764,101
liriafr01,Francisco Liriano,2019,PIT,5,3,69,0,0,0,0,210,60,27,8,35,63,0.232,3.47,1,1,3,0,301,32
litteza01,Zack Littell,2019,MIN,6,0,29,0,0,0,0,111,34,11,4,9,32,0.25,2.68,1,0,0,0,146,12
livelbe01,Ben Lively,2019,KCA,0,0,1,0,0,0,0,3,3,3,1,0,1,0.5,27,0,0,0,0,6,3
loaisjo01,Jonathan Loaisiga,2019,NYA,2,2,15,4,0,0,0,95,31,16,6,16,37,0.263,4.55,0,1,1,0,139,16
lockean01,Walker Lockett,2019,NYN,1,1,9,4,0,0,0,68,33,21,6,6,16,0.347,8.34,0,1,1,0,103,21
lopezjo02,Jorge Lopez,2019,KCA,4,9,39,18,0,0,1,371,140,87,27,42,109,0.286,6.33,0,6,10,0,548,94
lopezpa01,Pablo Lopez,2019,MIA,5,8,21,21,0,0,0,334,111,63,15,27,95,0.261,5.09,3,6,11,2,469,64
lopezre01,Reynaldo Lopez,2019,CHA,10,15,33,33,1,0,0,552,203,110,35,65,169,0.278,5.38,0,5,8,2,809,119
lopezyo01,Yoan Lopez,2019,ARI,2,7,70,0,0,0,1,182,52,23,11,17,42,0.232,3.41,2,1,0,0,246,27
lorenmi01,Michael Lorenzen,2019,CIN,1,4,73,0,0,0,7,250,68,27,9,28,85,0.221,2.92,1,2,2,0,343,29
loupaa01,Aaron Loup,2019,SDN,0,0,4,0,0,0,0,10,2,0,0,1,5,0.182,0,0,0,1,0,14,0
lovelri01,Richard Lovelady,2019,KCA,0,3,25,0,0,0,0,60,30,17,2,8,17,0.353,7.65,2,1,1,0,96,17
lucasjo02,Josh Lucas,2019,BAL,0,0,9,0,0,0,1,47,14,10,2,7,16,0.237,5.74,0,0,0,0,69,12
lucchjo01,Joey Lucchesi,2019,SDN,10,10,30,30,0,0,0,491,144,76,23,56,158,0.233,4.18,0,8,2,0,686,78
luciael01,Elvis Luciano,2019,TOR,1,0,25,0,0,0,0,101,36,20,4,24,27,0.275,5.35,1,4,3,0,159,20
lugose01,Seth Lugo,2019,NYN,7,4,61,0,0,0,6,240,56,24,8,16,104,0.192,2.7,4,2,5,0,314,28
luzarje01,Jesus Luzardo,2019,OAK,0,0,6,0,0,0,2,36,5,2,1,3,16,0.119,1.5,0,2,1,0,46,2
lylesjo01,Jordan Lyles,4038,PIT+MIL,12,8,28,28,0,0,0,423,131,65,25,55,146,0.47300000000000003,7.8100000000000005,2,4,1,0,599,72
lynnla01,Lance Lynn,2019,TEX,16,11,33,33,0,0,0,625,195,85,21,59,246,0.243,3.67,0,18,8,0,875,89
lyonsty01,Tyler Lyons,4038,PIT+NYA,1,2,14,0,0,0,0,38,13,9,4,5,17,0.579,15.4,2,0,1,0,54,9
maedake01,Kenta Maeda,2019,LAN,10,8,37,26,0,0,3,461,114,69,22,51,169,0.202,4.04,1,3,4,0,624,70
magilma01,Matt Magill,4038,MIN+SEA,5,2,50,0,0,0,5,152,51,23,7,20,64,0.499,8.08,3,5,2,0,229,31
mahlety01,Tyler Mahle,2019,CIN,3,12,25,25,0,0,0,389,136,74,25,34,129,0.266,5.14,0,2,6,1,556,82
mailelu01,Luke Maile,2019,TOR,0,0,2,0,0,0,0,6,1,0,0,0,3,0.143,0,0,0,1,0,8,0
manaese01,Sean Manaea,2019,OAK,4,0,5,5,0,0,0,89,16,4,3,7,30,0.16,1.21,0,1,2,0,109,4
mantijo01,Joe Mantiply,2019,NYA,1,0,1,0,0,0,0,9,3,3,1,2,2,0.25,9,0,0,0,0,14,3
mapledi01,Dillon Maples,2019,CHN,1,0,14,0,0,0,0,35,6,7,2,10,18,0.15,5.4,0,0,4,0,54,7
margeni01,Nick Margevicius,2019,SDN,2,6,17,12,0,0,0,171,73,43,12,19,42,0.307,6.79,1,1,3,0,263,46
markepa01,Parker Markel,4038,SEA+PIT,0,1,20,0,0,0,0,66,26,19,6,17,24,0.6739999999999999,21.14,1,2,3,1,110,21
marquge01,German Marquez,2019,COL,12,5,28,28,1,1,0,522,174,92,29,35,175,0.259,4.76,0,14,5,1,721,96
marshev01,Evan Marshall,2019,CHA,4,2,55,0,0,0,0,152,42,14,5,24,41,0.228,2.49,2,1,0,0,209,16
martibr01,Brett Martin,2019,TEX,2,3,51,2,0,0,0,187,72,33,7,18,62,0.28,4.76,2,3,2,0,280,38
martica04,Carlos Martinez,2019,SLN,4,2,48,0,0,0,24,145,39,17,2,18,53,0.22,3.17,1,2,3,0,200,18
martich02,Chris Martin,4038,TEX+ATL,1,3,58,0,0,0,4,167,52,21,9,5,65,0.5,7.16,0,0,0,0,216,23
martico02,Corbin Martin,2019,HOU,1,1,5,5,0,0,0,58,23,12,8,12,19,0.288,5.59,0,1,0,0,92,14
martini02,Nick Martini,2019,OAK,0,0,1,0,0,0,0,3,0,0,0,2,1,0,0,0,0,0,0,5,0
martiru01,Russell Martin,2019,LAN,0,0,4,0,0,0,0,12,2,0,0,0,2,0.154,0,0,0,0,0,13,0
marveja01,James Marvel,2019,PIT,0,3,4,4,0,0,0,52,25,16,4,6,9,0.338,8.31,0,0,2,0,84,16
mathije01,Jeff Mathis,2019,TEX,0,0,2,0,0,0,0,6,3,2,1,0,1,0.333,9,0,0,0,0,9,2
matonph01,Phil Maton,4038,SDN+CLE,0,0,30,0,0,0,0,110,38,25,7,12,33,0.41900000000000004,10.69,0,3,2,0,163,27
matzst01,Steven Matz,2019,NYN,11,10,32,30,1,1,0,481,163,75,27,52,153,0.26,4.21,7,3,7,0,691,83
maydu01,Dustin May,2019,LAN,2,3,14,4,0,0,0,104,33,14,2,5,32,0.25,3.63,0,0,4,0,141,17
mayermi01,Mike Mayers,2019,SLN,0,1,16,0,0,0,0,57,21,14,3,11,16,0.276,6.63,2,1,1,0,88,14
maytr01,Trevor May,2019,MIN,5,3,65,0,0,0,2,193,43,21,8,26,79,0.184,2.94,1,3,3,0,266,24
mayzati01,Tim Mayza,2019,TOR,1,3,68,0,0,0,0,154,45,28,8,27,55,0.23,4.91,2,4,1,0,227,29
mazzach01,Chris Mazza,2019,NYN,1,1,9,0,0,0,0,49,21,10,0,5,11,0.328,5.51,0,0,4,0,74,10
mccarke01,Kevin McCarthy,2019,KCA,4,2,56,0,0,0,1,181,68,30,4,21,38,0.285,4.48,6,2,2,0,268,31
mcclare01,Reggie McClain,2019,SEA,1,1,14,2,0,0,0,63,22,14,2,13,11,0.268,6,0,1,0,0,95,14
mcfartj01,T. J. McFarland,2019,ARI,0,0,51,0,0,0,0,168,71,30,6,20,35,0.316,4.82,5,1,1,0,250,35
mcgeeja01,Jake McGee,2019,COL,0,2,45,0,0,0,0,124,47,20,11,11,35,0.288,4.35,1,0,3,1,180,25
mcgowky01,Kyle McGowin,2019,WAS,0,0,7,1,0,0,1,48,22,18,7,4,18,0.319,10.13,0,4,1,0,76,19
mchugco01,Collin McHugh,2019,HOU,4,5,35,8,0,0,0,224,62,39,12,30,82,0.221,4.7,0,0,3,0,317,41
mckaybr01,Brendan McKay,2019,TBA,2,4,13,11,0,0,0,147,53,28,8,16,56,0.268,5.14,0,0,0,0,216,32
mckayda02,David McKay,4038,SEA+DET,0,0,25,0,0,0,0,79,20,16,3,17,34,0.403,10.73,1,2,1,0,115,17
mcraeal01,Alex McRae,2019,PIT,0,4,11,2,0,0,0,80,36,26,9,16,19,0.319,8.78,1,2,3,0,132,30
meansjo01,John Means,2019,BAL,12,11,31,27,0,0,0,465,138,62,23,38,121,0.234,3.6,0,5,5,0,637,68
mejiaad01,Adalberto Mejia,8076,MIN+LAA+SLN+LAA,0,2,35,0,0,0,0,94,33,23,4,21,30,1.167,24.03,0,3,0,0,145,25
melanma01,Mark Melancon,4038,SFN+ATL,5,2,66,0,0,0,12,202,71,27,4,18,68,0.531,7.359999999999999,2,4,2,0,284,28
mellake01,Keury Mella,2019,CIN,0,0,2,0,0,0,0,11,5,3,0,2,4,0.313,7.36,1,0,0,0,18,3
melviti01,Tim Melville,2019,COL,2,3,7,7,0,0,0,100,34,18,9,14,24,0.274,4.86,0,1,1,0,143,18
mendeyo01,Yohander Mendez,2019,TEX,1,0,3,0,0,0,0,14,4,3,2,5,8,0.25,5.79,0,0,0,0,21,3
menezco01,Conner Menez,2019,SFN,0,1,8,3,0,0,0,51,13,10,4,12,22,0.22,5.29,0,2,0,0,73,10
mengdda01,Daniel Mengden,2019,OAK,5,2,13,9,0,0,1,179,59,32,7,27,42,0.254,4.83,0,1,0,0,260,32
middlke01,Keynan Middleton,2019,LAA,0,0,11,0,0,0,0,23,4,1,0,7,6,0.154,1.17,0,1,0,0,33,1
mikolmi01,Miles Mikolas,2019,SLN,9,14,32,32,1,1,0,552,193,85,27,32,144,0.272,4.16,1,5,12,2,764,90
mileywa01,Wade Miley,2019,HOU,14,6,33,33,0,0,0,502,164,74,23,61,140,0.254,3.98,0,4,5,2,720,83
millean01,Andrew Miller,2019,SLN,5,6,73,0,0,0,6,164,45,27,11,27,70,0.225,4.45,1,4,8,0,236,32
milleju02,Justin Miller,2019,WAS,1,0,17,0,0,0,0,47,16,7,5,4,11,0.276,4.02,0,0,2,0,65,8
millesh01,Shelby Miller,2019,TEX,1,3,19,8,0,0,0,132,58,42,8,29,30,0.317,8.59,1,1,3,0,220,46
millsal02,Alec Mills,2019,CHN,1,0,9,4,0,0,1,108,31,11,5,11,42,0.231,2.75,0,0,7,0,152,11
milneho01,Hoby Milner,2019,TBA,0,0,4,0,0,0,0,11,4,3,0,1,3,0.267,7.36,0,0,1,0,17,3
milonto01,Tommy Milone,2019,SEA,4,10,23,6,0,0,0,335,102,59,24,23,94,0.241,4.76,2,1,2,0,453,61
minayju01,Juan Minaya,2019,CHA,0,0,22,0,0,0,0,83,31,12,4,12,27,0.277,3.9,0,3,2,0,126,13
minormi01,Mike Minor,2019,TEX,14,10,32,32,2,1,0,625,190,83,30,68,200,0.244,3.59,1,2,7,0,863,86
minteaj01,A. J. Minter,2019,ATL,3,4,36,0,0,0,5,88,36,23,3,23,35,0.298,7.06,5,5,1,0,147,23
montafr01,Frankie Montas,2019,OAK,9,2,16,16,0,0,0,288,84,28,8,23,103,0.23,2.63,1,5,4,0,394,35
montera01,Rafael Montero,2019,TEX,2,0,22,0,0,0,0,87,23,8,5,5,34,0.217,2.48,0,0,2,1,113,8
montgjo01,Jordan Montgomery,2019,NYA,0,0,2,1,0,0,0,12,7,3,1,0,5,0.368,6.75,0,0,0,0,19,3
montgmi01,Mike Montgomery,4038,CHN+KCA,3,9,33,13,0,0,0,273,113,50,18,34,69,0.637,10.309999999999999,1,3,4,0,402,55
moorean02,Andrew Moore,2019,SEA,0,0,1,1,0,0,0,14,6,4,2,1,2,0.316,7.71,0,0,0,0,20,4
mooredy01,Dylan Moore,2019,SEA,0,0,1,0,0,0,0,3,5,4,0,2,0,0.625,36,0,0,0,0,10,4
moorema02,Matt Moore,2019,DET,0,0,2,2,0,0,0,30,3,0,0,1,9,0.094,0,0,0,0,0,33,0
moralke01,Kendrys Morales,2019,OAK,0,0,1,0,0,0,0,3,1,1,0,2,0,0.333,9,0,0,1,0,7,1
moranbr01,Brian Moran,2019,MIA,1,0,10,0,0,0,0,19,6,3,1,2,10,0.25,4.26,1,0,2,0,29,3
morejad01,Adrian Morejon,2019,SDN,0,0,5,2,0,0,0,24,15,9,1,3,9,0.385,10.13,0,0,0,0,42,9
morgaad01,Adam Morgan,2019,PHI,3,3,40,0,0,0,0,89,20,13,4,10,29,0.187,3.94,1,0,3,0,120,14
morinmi01,Mike Morin,4038,MIN+PHI,1,3,52,0,0,0,1,152,46,26,6,10,26,0.475,8.97,0,2,4,0,210,29
moronre01,Reyes Moronta,2019,SFN,3,7,56,0,0,0,0,170,41,18,4,33,70,0.197,2.86,1,3,3,0,246,19
mortoch02,Charlie Morton,2019,TBA,16,6,33,33,0,0,0,584,154,66,15,57,240,0.215,3.05,0,5,12,1,790,71
munozan01,Andres Munoz,2019,SDN,1,1,22,0,0,0,1,69,16,10,2,11,30,0.188,3.91,0,1,0,1,97,10
murphjr01,J. R. Murphy,2019,ARI,0,0,2,0,0,0,0,9,10,9,3,3,0,0.526,27,0,0,0,0,22,9
murphto04,Tom Murphy,2019,SEA,0,0,3,0,0,0,0,9,1,2,0,1,2,0.125,6,0,0,0,0,11,2
musgrha01,Harrison Musgrave,2019,COL,0,0,10,0,0,0,0,30,9,4,0,7,12,0.231,3.6,1,1,0,0,47,4
musgrjo01,Joe Musgrove,2019,PIT,11,12,32,31,0,0,0,511,168,84,21,39,157,0.254,4.44,1,2,9,0,718,98
nelsoji02,Jimmy Nelson,2019,MIL,0,2,10,3,0,0,0,66,25,17,4,17,26,0.291,6.95,1,1,2,0,105,18
nerishe01,Hector Neris,2019,PHI,3,6,68,0,0,0,28,203,45,22,10,24,89,0.186,2.93,1,2,6,2,275,24
neshepa01,Pat Neshek,2019,PHI,0,1,20,0,0,0,3,54,23,10,5,2,9,0.303,5,0,0,0,0,79,11
neverdo01,Dovydas Neverauskas,2019,PIT,0,0,10,0,0,0,0,28,15,11,2,7,10,0.349,10.61,1,1,2,0,53,11
newbeja01,Jake Newberry,2019,KCA,1,0,27,0,0,0,0,93,29,13,7,16,29,0.248,3.77,2,0,1,0,137,13
newcose01,Sean Newcomb,2019,ATL,6,3,55,4,0,0,1,205,61,24,8,29,65,0.236,3.16,1,4,3,0,293,28
nicasju01,Juan Nicasio,2019,PHI,2,3,47,0,0,0,1,142,57,25,4,21,45,0.298,4.75,5,0,2,1,217,27
noesihe01,Hector Noesi,2019,MIA,0,3,12,4,0,0,0,83,30,26,7,14,24,0.28,8.46,0,2,1,0,124,26
nogosst01,Stephen Nogosek,2019,NYN,0,1,7,0,0,0,0,20,12,8,2,2,6,0.387,10.8,0,0,0,0,34,8
nolaaa01,Aaron Nola,2019,PHI,12,7,34,34,0,0,0,607,176,87,27,80,229,0.233,3.87,3,3,11,0,852,91
norrida01,Daniel Norris,2019,DET,3,13,32,29,0,0,0,433,154,72,25,38,125,0.275,4.49,0,5,4,0,610,75
norwoja01,James Norwood,2019,CHN,0,1,9,0,0,0,0,28,9,3,1,8,11,0.25,2.89,0,1,0,0,44,4
novaiv01,Ivan Nova,2019,CHA,11,12,34,34,2,0,0,561,225,98,30,47,114,0.303,4.72,1,7,9,0,806,107
nunezed02,Eduardo Nunez,2019,BOS,0,0,1,0,0,0,0,3,1,1,1,0,0,0.25,9,0,0,0,0,4,1
obergsc01,Scott Oberg,2019,COL,6,1,49,0,0,0,5,168,39,14,5,23,58,0.196,2.25,2,3,0,0,223,18
odayda01,Darren O'Day,2019,ATL,0,0,8,0,0,0,0,16,3,1,0,1,6,0.158,1.69,0,0,1,0,21,1
odorija01,Jake Odorizzi,2019,MIN,15,7,30,30,0,0,0,477,139,62,16,53,178,0.234,3.51,0,4,4,0,658,65
ohse01,Seunghwan Oh,2019,COL,3,1,21,0,0,0,0,55,29,19,6,6,16,0.354,9.33,0,2,0,0,88,19
olsonty01,Tyler Olson,2019,CLE,1,1,39,0,0,0,0,92,34,15,3,16,28,0.281,4.4,2,2,2,0,140,15
orourry01,Ryan O'Rourke,2019,NYN,0,0,2,0,0,0,0,4,0,0,0,3,1,0,0,0,0,0,0,6,0
ortizlu02,Luis Ortiz,2019,BAL,0,1,1,1,0,0,0,10,4,4,2,5,3,0.308,10.8,0,0,0,0,18,4
osichjo01,Josh Osich,2019,CHA,4,0,57,0,0,0,0,203,62,35,15,15,61,0.242,4.66,1,3,0,0,272,38
osunajo01,Jose Osuna,2019,PIT,0,0,2,0,0,0,0,7,3,1,1,0,0,0.333,3.86,0,0,0,0,9,1
osunaro01,Roberto Osuna,2019,HOU,4,3,66,0,0,0,38,195,45,19,8,12,73,0.19,2.63,0,1,2,0,253,20
oswalco01,Corey Oswalt,2019,NYN,0,1,2,0,0,0,0,20,9,9,1,6,5,0.321,12.15,1,0,0,0,34,9
oteroda01,Dan Otero,2019,CLE,0,0,25,0,0,0,0,89,42,16,6,3,16,0.331,4.85,0,1,1,0,131,17
ottavad01,Adam Ottavino,2019,NYA,6,5,73,0,0,0,2,199,47,14,5,40,88,0.198,1.9,3,3,2,1,283,17
owingch01,Chris Owings,2019,KCA,0,0,1,0,0,0,0,5,6,4,2,1,0,0.545,21.6,0,0,0,0,12,4
paddach01,Chris Paddack,2019,SDN,9,7,26,26,0,0,0,422,107,52,23,31,153,0.204,3.33,1,1,6,1,568,58
paganem01,Emilio Pagan,2019,TBA,4,2,66,0,0,0,20,210,45,18,12,13,96,0.179,2.31,1,3,1,0,267,19
palumjo01,Joe Palumbo,2019,TEX,0,3,7,4,0,0,0,50,21,17,7,8,21,0.3,9.18,0,0,2,0,81,17
pannoth01,Thomas Pannone,2019,TOR,3,6,37,7,0,0,0,219,73,50,13,31,69,0.255,6.16,1,6,6,0,325,51
parkebl01,Blake Parker,4038,MIN+PHI,3,3,60,2,0,0,10,184,53,31,13,22,65,0.46199999999999997,9.25,0,4,3,0,255,32
parrage01,Gerardo Parra,2019,WAS,0,0,1,0,0,0,0,0,1,5,0,4,0,1,NA,0,1,0,0,5,5
parsowe01,Wes Parsons,4038,ATL+COL,1,2,32,0,0,0,0,104,32,21,6,29,26,0.517,10.5,2,2,2,0,157,24
paxtoja01,James Paxton,2019,NYA,15,6,29,29,0,0,0,452,138,64,23,55,186,0.242,3.82,0,7,2,1,633,71
payamjo01,Joel Payamps,2019,ARI,0,0,2,0,0,0,0,12,4,2,0,3,3,0.308,4.5,0,0,0,0,17,2
payanpe01,Pedro Payano,2019,TEX,1,2,6,4,0,0,0,66,26,14,3,15,17,0.302,5.73,0,1,1,0,103,17
pazosja01,James Pazos,2019,COL,0,0,12,0,0,0,0,31,7,2,1,4,10,0.2,1.74,1,0,0,0,39,2
peacobr01,Brad Peacock,2019,HOU,7,6,23,15,0,0,0,275,78,42,15,31,96,0.227,4.12,0,1,5,1,383,43
penafe01,Felix Pena,2019,LAA,8,3,22,7,0,0,0,289,80,49,16,34,101,0.219,4.58,0,8,6,0,407,56
peralfr01,Freddy Peralta,2019,MIL,7,3,39,8,0,0,1,255,87,50,15,37,115,0.257,5.29,1,3,2,0,382,58
peralwa01,Wandy Peralta,4038,CIN+SFN,1,1,47,0,0,0,0,119,40,25,11,16,32,0.47500000000000003,9.27,3,0,2,0,172,25
peralwi01,Wily Peralta,2019,KCA,2,4,42,0,0,0,2,121,45,26,7,19,24,0.296,5.8,1,0,2,0,176,28
perazjo01,Jose Peraza,2019,CIN,0,0,2,0,0,0,0,4,1,0,0,0,0,0.25,0,0,0,0,0,4,0
perdolu02,Luis Perdomo,2019,SDN,2,4,47,1,0,0,0,216,69,32,6,18,55,0.252,4,1,3,2,0,296,34
perezci01,Cionel Perez,2019,HOU,1,1,5,0,0,0,0,27,11,10,3,2,7,0.289,10,0,0,0,0,40,10
perezhe01,Hernan Perez,2019,MIL,0,0,3,0,0,0,0,9,2,1,1,2,1,0.222,3,0,0,0,0,11,1
perezma02,Martin Perez,2019,MIN,10,7,32,29,0,0,0,496,184,94,23,67,135,0.279,5.12,1,3,3,1,737,104
perezol01,Oliver Perez,2019,CLE,2,4,67,0,0,0,1,122,38,18,5,12,48,0.242,3.98,2,1,3,0,173,20
peterdi01,Dillon Peters,2019,LAA,4,4,17,12,0,0,0,216,85,43,18,26,55,0.29,5.38,1,1,5,2,327,50
peterti01,Tim Peterson,2019,NYN,0,0,6,0,0,0,0,22,7,4,1,7,3,0.259,4.91,1,3,1,0,35,4
petityu01,Yusmeiro Petit,2019,OAK,5,3,80,0,0,0,0,249,57,25,11,10,71,0.194,2.71,0,2,0,0,308,25
petrija01,Jake Petricka,2019,MIL,0,0,6,0,0,0,0,24,6,3,0,6,3,0.207,3.38,1,1,0,0,36,3
phelpda01,David Phelps,4038,TOR+CHN,2,1,41,1,0,0,1,103,31,13,5,17,36,0.484,6.8100000000000005,1,3,1,0,147,14
phillev01,Evan Phillips,2019,BAL,0,1,25,0,0,0,0,84,32,20,2,20,40,0.286,6.43,0,2,5,0,140,20
pinedmi01,Michael Pineda,2019,MIN,11,5,26,26,0,0,0,438,141,65,23,28,140,0.253,4.01,1,8,5,0,600,68
pintori01,Ricardo Pinto,2019,TBA,0,0,2,0,0,0,0,7,4,4,1,2,0,0.364,15.43,0,0,0,0,13,4
pivetni01,Nick Pivetta,2019,PHI,4,6,30,13,1,0,1,281,103,56,20,39,89,0.278,5.38,2,4,4,1,421,64
plaweke01,Kevin Plawecki,2019,CLE,0,0,2,0,0,0,0,6,0,0,0,0,0,0,0,0,0,0,0,6,0
plesaza01,Zach Plesac,2019,CLE,8,6,21,21,1,1,0,347,102,49,19,40,88,0.237,3.81,0,1,3,0,475,52
plutkad01,Adam Plutko,2019,CLE,7,5,21,20,0,0,0,328,115,59,22,26,78,0.267,4.86,2,0,4,0,462,61
pocheco01,Colin Poche,2019,TBA,5,5,51,0,0,0,2,155,33,27,9,19,72,0.181,4.7,1,2,5,0,207,27
pomerdr01,Drew Pomeranz,4038,SFN+MIL,2,10,46,18,0,0,2,312,105,56,21,44,137,0.46099999999999997,8.07,0,1,4,1,455,58
ponceda01,Daniel Ponce de Leon,2019,SLN,1,2,13,8,0,0,0,146,36,20,6,26,52,0.207,3.7,3,2,2,0,203,21
poppese01,Sean Poppen,2019,MIN,0,0,4,0,0,0,0,25,10,7,1,5,9,0.323,7.56,0,0,0,0,36,7
porceri01,Rick Porcello,2019,BOS,14,12,32,32,0,0,0,523,198,107,31,45,143,0.278,5.52,2,5,6,2,768,114
poundbr01,Brooks Pounders,2019,NYN,1,0,7,0,0,0,0,22,9,5,1,2,5,0.3,6.14,0,1,1,0,34,5
poynebo01,Bobby Poyner,2019,BOS,0,1,13,1,0,0,0,35,10,9,2,5,11,0.233,6.94,0,0,1,0,49,9
pressry01,Ryan Pressly,2019,HOU,2,3,55,0,0,0,3,163,37,14,6,12,72,0.188,2.32,0,4,0,0,211,15
priceda01,David Price,2019,BOS,7,5,22,22,0,0,0,322,109,51,15,32,128,0.258,4.28,0,3,3,1,458,57
pruitau01,Austin Pruitt,2019,TBA,3,0,14,2,0,0,0,141,47,23,7,12,39,0.266,4.4,2,1,0,0,193,23
pukaj01,A. J. Puk,2019,OAK,2,0,10,0,0,0,0,34,10,4,1,5,13,0.238,3.18,0,2,0,0,47,4
quantca01,Cal Quantrill,2019,SDN,6,8,23,18,0,0,0,309,106,59,15,28,89,0.26,5.16,2,3,3,0,443,61
quijajo01,Jose Quijada,2019,MIA,2,3,34,0,0,0,1,89,27,19,10,26,44,0.239,5.76,3,2,4,0,144,20
quinnro01,Roman Quinn,2019,PHI,0,1,2,0,0,0,0,10,7,3,0,3,1,0.438,8.1,1,0,0,0,19,3
quintjo01,Jose Quintana,2019,CHN,13,9,32,31,0,0,0,513,191,89,20,46,152,0.282,4.68,0,11,2,0,745,100
raineta01,Tanner Rainey,2019,WAS,2,3,52,0,0,0,0,145,32,21,6,38,74,0.188,3.91,2,7,4,0,214,22
ramirer02,Erasmo Ramirez,2019,BOS,0,0,1,0,0,0,0,9,4,4,2,1,1,0.333,12,0,0,1,0,15,4
ramirjc01,J. C. Ramirez,2019,LAA,0,0,5,0,0,0,0,24,8,4,1,1,4,0.25,4.5,0,1,1,0,34,4
ramirne01,Neil Ramirez,4038,CLE+TOR,0,1,22,1,0,0,0,75,26,15,7,15,24,0.539,10.8,0,1,0,0,112,16
ramirni01,Nick Ramirez,2019,DET,5,4,46,0,0,0,0,239,76,36,11,35,74,0.247,4.07,4,6,1,0,348,45
ramirno01,Noe Ramirez,2019,LAA,5,4,51,7,0,0,0,203,59,30,9,20,79,0.232,3.99,1,2,5,0,280,30
ramirye01,Yefry Ramirez,4038,BAL+PIT,0,2,13,1,0,0,0,73,30,20,4,16,27,0.617,14.68,0,2,4,0,119,24
ramosed02,Edubray Ramos,2019,PHI,1,0,20,0,0,0,0,45,19,9,5,7,11,0.311,5.4,1,3,1,0,69,10
ramsema01,Matt Ramsey,2019,LAA,0,0,1,0,0,0,0,3,0,0,0,0,1,0,0,0,0,0,0,3,0
rayro02,Robbie Ray,2019,ARI,12,8,33,33,0,0,0,523,150,84,30,84,235,0.234,4.34,5,7,5,0,747,91
reedaj01,A. J. Reed,2019,CHA,0,0,1,0,0,0,0,3,0,0,0,0,0,0,0,0,0,0,0,3,0
reedco01,Cody Reed,2019,CIN,0,0,3,0,0,0,0,19,6,1,0,1,7,0.25,1.42,1,1,0,0,25,1
reidfse01,Sean Reid-Foley,2019,TOR,2,4,9,6,0,0,0,95,33,15,5,21,28,0.262,4.26,0,3,2,0,150,20
reiniza01,Zac Reininger,2019,DET,0,3,25,1,0,0,0,84,44,27,11,16,17,0.361,8.68,1,1,0,0,140,28
reyesal02,Alex Reyes,2019,SLN,0,1,4,0,0,0,0,9,2,5,1,6,1,0.2,15,0,1,0,0,17,5
reyesge01,Gerardo Reyes,2019,SDN,4,0,27,0,0,0,0,78,24,22,3,11,38,0.24,7.62,1,3,3,0,117,22
reynoma01,Mark Reynolds,2019,COL,0,0,1,0,0,0,0,3,2,2,0,1,0,0.4,18,0,0,1,0,7,2
rhameja01,Jacob Rhame,2019,NYN,0,1,5,0,0,0,0,19,3,3,1,9,5,0.15,4.26,0,0,0,0,30,4
richacl01,Clayton Richard,2019,TOR,1,5,10,10,0,0,0,136,53,30,9,18,22,0.298,5.96,0,3,4,3,201,33
richaga01,Garrett Richards,2019,SDN,0,1,3,3,0,0,0,26,10,8,2,6,11,0.294,8.31,0,1,0,0,41,8
richatr01,Trevor Richards,4038,MIA+TBA,6,12,30,23,0,0,0,406,127,61,19,56,127,0.501,6.43,6,4,5,0,580,63
riosya01,Yacksel Rios,4038,PHI+PIT,1,0,14,0,0,0,0,39,16,10,4,8,12,0.7250000000000001,18.73,0,1,3,1,65,13
riverfe01,Felipe Vazquez,2019,PIT,5,1,56,0,0,0,28,180,43,11,5,13,90,0.197,1.65,0,3,4,0,236,12
roarkta01,Tanner Roark,4038,CIN+OAK,10,10,31,31,0,0,0,496,180,80,28,51,158,0.552,8.82,1,3,13,0,722,84
roberda08,David Robertson,2019,PHI,0,1,7,0,0,0,0,20,8,4,1,6,6,0.296,5.4,0,0,0,0,33,4
roberda10,Daniel Robertson,2019,TBA,0,0,1,0,0,0,0,3,1,0,0,0,0,0.333,0,0,0,0,0,3,0
robleha01,Hansel Robles,2019,LAA,5,1,71,1,0,0,23,218,58,20,6,16,75,0.221,2.48,1,4,0,1,283,20
rodgebr01,Brady Rodgers,2019,HOU,0,0,3,0,0,0,0,15,7,9,4,3,4,0.318,16.2,0,1,0,0,25,9
rodnefe01,Fernando Rodney,4038,OAK+WAS,0,5,55,0,0,0,2,143,49,30,5,28,49,0.579,13.469999999999999,1,6,0,0,210,31
rodonca01,Carlos Rodon,2019,CHA,3,2,7,7,0,0,0,104,33,20,4,17,46,0.239,5.19,0,5,1,0,158,22
rodride01,Dereck Rodriguez,2019,SFN,6,11,28,16,0,0,0,297,108,62,21,36,71,0.271,5.64,0,1,2,0,439,74
rodried05,Eduardo Rodriguez,2019,BOS,19,6,34,34,0,0,0,610,195,86,24,75,213,0.253,3.81,2,3,7,0,859,88
rodrije01,Jefry Rodriguez,2019,CLE,1,5,10,8,0,0,0,140,48,24,5,21,33,0.27,4.63,1,4,0,1,203,26
rodrijo06,Jose Rodriguez,2019,LAA,0,1,9,1,0,0,0,59,17,6,5,11,13,0.233,2.75,0,1,0,0,84,6
rodriri05,Richard Rodriguez,2019,PIT,4,5,72,0,0,0,1,196,65,27,14,23,63,0.252,3.72,3,1,2,0,285,30
rodrise01,Sean Rodriguez,2019,PHI,0,0,2,0,0,0,0,4,0,0,0,0,1,0,0,0,0,0,0,4,0
roech01,Chaz Roe,2019,TBA,1,3,71,0,0,0,1,153,49,23,3,31,65,0.251,4.06,2,3,1,1,229,27
rogerjo01,Josh Rogers,2019,BAL,0,1,5,0,0,0,0,43,18,14,7,6,5,0.305,8.79,0,0,4,0,69,14
rogerta01,Taylor Rogers,2019,MIN,2,4,60,0,0,0,30,207,58,20,8,11,90,0.225,2.61,2,2,6,0,278,20
rogerty01,Tyler Rogers,2019,SFN,2,0,17,0,0,0,0,53,12,2,0,3,16,0.185,1.02,0,1,1,0,70,3
romanjo03,Jordan Romano,2019,TOR,0,2,17,0,0,0,0,46,17,13,4,9,21,0.274,7.63,0,0,4,0,75,14
romansa01,Sal Romano,2019,CIN,1,0,12,0,0,0,2,49,22,14,4,8,16,0.328,7.71,1,1,1,0,77,14
romerfe01,Fernando Romero,2019,MIN,0,1,15,0,0,0,0,42,19,11,2,11,18,0.317,7.07,1,5,1,0,72,12
rominau01,Austin Romine,2019,NYA,0,0,1,0,0,0,0,3,4,3,2,0,0,0.571,27,0,0,0,0,7,3
romose01,Sergio Romo,4038,MIA+MIN,2,1,65,0,0,0,20,181,50,23,7,17,60,0.434,6.76,3,3,2,1,249,27
rondohe01,Hector Rondon,2019,HOU,3,2,62,1,0,0,0,182,56,25,10,20,48,0.242,3.71,0,0,4,0,257,25
rondojo02,Jose Rondon,2019,CHA,0,0,1,0,0,0,0,3,2,0,0,0,0,0.4,0,0,0,0,0,5,0
rosaad01,Adonis Rosa,2019,NYA,0,0,1,0,0,0,0,6,1,1,1,0,2,0.143,4.5,0,0,0,0,7,1
rosarra01,Randy Rosario,4038,CHN+KCA,2,0,19,0,0,0,0,43,15,7,2,5,13,0.487,5.91,0,3,0,0,63,9
rosentr01,Trevor Rosenthal,4038,WAS+DET,0,1,22,0,0,0,0,46,11,23,0,26,17,0.436,29.74,0,9,4,0,85,24
rosscza01,Zac Rosscup,6057,SEA+TOR+LAN,2,0,28,0,0,0,0,54,22,10,2,19,26,1.165,36.21,1,3,0,0,94,15
rossjo01,Joe Ross,2019,WAS,4,4,27,9,0,0,0,192,74,39,7,33,57,0.291,5.48,1,2,4,0,295,41
rossty01,Tyson Ross,2019,DET,1,5,7,7,0,0,0,106,41,24,7,18,25,0.289,6.11,0,1,1,0,162,28
ruizjo01,Jose Ruiz,2019,CHA,1,4,40,1,0,0,0,120,56,25,6,24,35,0.335,5.63,2,4,2,0,198,27
rumbeni01,Nick Rumbelow,2019,SEA,0,0,3,0,0,0,1,4,3,4,2,1,2,0.375,27,0,1,0,0,9,4
rusinch01,Chris Rusin,2019,COL,0,0,2,0,0,0,0,3,5,4,1,1,0,0.714,36,0,0,0,0,9,4
ryanky01,Kyle Ryan,2019,CHN,4,2,73,0,0,0,0,183,55,24,5,29,58,0.243,3.54,2,1,1,0,260,26
ryuhy01,Hyun Jin Ryu,2019,LAN,14,5,29,29,1,1,0,548,160,47,17,24,163,0.234,2.32,2,0,4,0,723,53
sabatcc01,CC Sabathia,2019,NYA,5,8,23,22,0,0,0,322,112,59,27,39,107,0.265,4.95,0,0,3,0,468,64
sadleca02,Casey Sadler,4038,TBA+LAN,4,0,33,1,0,0,1,139,41,11,5,13,31,0.46699999999999997,4.19,2,0,4,0,194,14
sadzeco01,Connor Sadzeck,2019,SEA,0,1,20,0,0,0,1,71,18,7,3,15,27,0.2,2.66,1,4,2,0,107,10
salasfe01,Fernando Salas,2019,PHI,0,0,3,0,0,0,0,8,8,2,1,0,3,0.533,6.75,0,0,0,0,15,2
salazda01,Danny Salazar,2019,CLE,0,1,1,1,0,0,0,12,4,2,2,3,2,0.286,4.5,0,0,0,0,17,2
salech01,Chris Sale,2019,BOS,6,11,25,25,1,1,0,442,123,72,24,37,218,0.221,4.4,0,2,13,0,612,80
samarje01,Jeff Samardzija,2019,SFN,11,12,32,32,0,0,0,544,152,71,28,49,140,0.225,3.52,4,5,6,0,740,78
sampsad01,Adrian Sampson,2019,TEX,6,8,35,15,1,0,0,376,156,82,29,36,101,0.302,5.89,1,4,9,1,563,86
sanchaa01,Aaron Sanchez,4038,TOR+HOU,5,14,27,27,0,0,0,394,145,86,20,68,115,0.49,10.89,2,7,11,0,605,92
sanchan01,Anibal Sanchez,2019,WAS,11,8,30,30,0,0,0,498,153,71,22,58,134,0.236,3.85,10,1,4,3,712,77
sandopa01,Pablo Sandoval,2019,SFN,0,0,1,0,0,0,0,3,0,0,0,0,0,0,0,0,0,1,0,3,0
sandopa02,Patrick Sandoval,2019,LAA,0,4,10,9,0,0,0,118,35,22,6,19,42,0.24,5.03,0,4,1,1,169,22
santade01,Dennis Santana,2019,LAN,0,0,3,0,0,0,0,15,6,4,1,4,6,0.3,7.2,0,1,2,0,27,4
santaer01,Ervin Santana,2019,CHA,0,2,3,3,0,0,0,40,19,14,6,6,5,0.339,9.45,0,1,0,0,64,14
santihe01,Hector Santiago,4038,NYN+CHA,1,1,19,2,0,0,0,101,42,25,8,22,40,0.602,13.41,0,0,0,0,163,26
sborzjo01,Josh Sborz,2019,LAN,0,1,7,0,0,0,0,27,10,8,2,4,7,0.286,8,0,0,0,0,40,8
scherma01,Max Scherzer,2019,WAS,11,7,27,27,0,0,0,517,144,56,18,33,243,0.222,2.92,2,0,7,0,693,59
schlibr01,Brian Schlitter,2019,OAK,0,0,6,0,0,0,0,29,12,4,0,4,6,0.324,3.72,0,1,0,0,41,4
schrejo01,John Schreiber,2019,DET,2,0,13,0,0,0,0,39,16,9,3,4,19,0.296,6.23,0,1,1,0,59,9
schulja02,Jaime Schultz,2019,LAN,0,0,4,0,0,0,0,15,6,4,1,3,3,0.316,7.2,0,0,0,0,22,4
scottro02,Robby Scott,2019,ARI,1,0,11,0,0,0,0,22,8,4,1,7,9,0.276,4.91,0,0,0,0,37,4
scottta01,Tanner Scott,2019,BAL,1,1,28,0,0,0,0,79,28,14,4,19,37,0.277,4.78,2,2,2,0,122,17
scottta02,Tayler Scott,4038,SEA+BAL,0,0,13,2,0,0,0,49,31,26,6,11,14,0.777,28.080000000000002,0,2,4,0,93,28
selmasa01,Sam Selman,2019,SFN,0,0,10,0,0,0,0,31,6,5,2,6,10,0.171,4.35,0,0,2,0,44,5
senzaan01,Antonio Senzatela,2019,COL,11,11,25,25,0,0,0,374,161,93,19,57,76,0.313,6.71,5,1,4,3,582,99
severlu01,Luis Severino,2019,NYA,1,1,3,3,0,0,0,36,6,2,0,6,17,0.146,1.5,0,0,1,0,48,2
sewalpa01,Paul Sewald,2019,NYN,1,1,17,0,0,0,1,59,18,10,3,3,22,0.243,4.58,0,0,1,0,80,10
shafeju01,Justin Shafer,2019,TOR,2,1,34,0,0,0,1,119,41,17,6,25,39,0.265,3.86,4,1,1,0,182,19
shawami01,Mike Shawaryn,2019,BOS,0,0,14,0,0,0,0,61,26,22,5,13,29,0.31,9.74,0,1,5,0,103,22
shawbr01,Bryan Shaw,2019,COL,3,2,70,0,0,0,1,216,69,43,12,29,58,0.251,5.38,1,1,5,0,311,44
sheffju01,Justus Sheffield,2019,SEA,0,1,8,7,0,0,0,108,44,22,5,18,37,0.303,5.5,0,3,3,0,168,22
shephch01,Chandler Shepherd,2019,BAL,0,0,5,3,0,0,0,57,23,14,5,6,17,0.303,6.63,0,2,2,0,84,15
sherfji01,James Sherfy,2019,ARI,1,0,17,0,0,0,1,55,23,12,4,5,22,0.303,5.89,0,0,1,1,83,12
shoemma01,Matt Shoemaker,2019,TOR,3,0,5,5,0,0,0,86,16,5,3,9,24,0.163,1.57,0,1,1,0,108,7
shrevch01,Chasen Shreve,2019,SLN,1,0,3,0,0,0,0,6,2,2,0,1,2,0.25,9,0,0,1,0,10,2
shuckja01,JB Shuck,2019,PIT,0,0,1,0,0,0,0,3,1,0,0,1,0,0.25,0,0,0,0,0,5,0
simslu01,Lucas Sims,2019,CIN,2,1,24,4,0,0,0,129,31,22,8,19,57,0.201,4.6,0,1,2,0,177,22
sippto01,Tony Sipp,2019,WAS,1,2,36,0,0,0,0,63,19,11,1,9,18,0.241,4.71,0,1,1,0,92,12
skaggty01,Tyler Skaggs,2019,LAA,7,7,15,15,0,0,0,239,73,38,9,28,78,0.242,4.29,0,2,2,2,335,41
skogler01,Eric Skoglund,2019,KCA,0,3,6,4,0,0,0,63,30,21,5,9,4,0.337,9,0,0,1,0,101,21
slegeaa01,Aaron Slegers,2019,TBA,0,0,1,0,0,0,1,9,3,1,1,0,0,0.273,3,0,0,1,0,12,1
smeltde01,Devin Smeltzer,2019,MIN,2,2,11,6,0,0,1,147,50,21,8,12,38,0.265,3.86,0,1,1,1,202,23
smithbu03,Burch Smith,4038,MIL+SFN,0,1,17,0,0,0,0,64,26,13,3,14,20,0.5740000000000001,9.9,2,1,1,0,106,14
smithca03,Caleb Smith,2019,MIA,10,11,28,28,0,0,0,460,128,77,33,60,168,0.223,4.52,2,6,6,1,646,82
smithjo05,Joe Smith,2019,HOU,1,0,28,0,0,0,0,75,19,5,2,5,22,0.209,1.8,0,0,0,0,96,6
smithjo07,Josh Smith,2019,BOS,0,3,18,2,0,0,1,93,36,20,10,8,29,0.281,5.81,1,0,3,0,139,22
smithjo08,Josh Smith,4038,CLE+MIA,0,0,14,0,0,0,0,38,11,9,0,11,14,0.43,13.71,2,0,3,0,64,9
smithwi04,Will Smith,2019,SFN,6,0,63,0,0,0,34,196,46,20,10,21,96,0.196,2.76,2,3,0,0,257,20
smylydr01,Drew Smyly,4038,TEX+PHI,4,7,25,21,0,0,1,342,126,79,32,55,120,0.558,12.870000000000001,0,7,2,0,514,83
sneedcy01,Cy Sneed,2019,HOU,0,1,8,0,0,0,0,64,26,13,5,5,23,0.299,5.48,0,0,0,0,93,13
snellbl01,Blake Snell,2019,TBA,6,8,23,23,0,0,0,321,96,51,14,40,147,0.241,4.29,1,11,1,1,441,53
sobotch01,Chad Sobotka,2019,ATL,0,0,32,0,0,0,0,87,28,20,6,19,38,0.25,6.21,0,3,3,1,134,22
soriajo01,Joakim Soria,2019,OAK,2,4,71,1,0,0,1,207,51,33,9,20,79,0.202,4.3,1,5,3,1,278,33
sorokmi01,Mike Soroka,2019,ATL,13,4,29,29,0,0,0,524,153,52,14,41,142,0.236,2.68,1,3,7,0,701,56
sotogr01,Gregory Soto,2019,DET,0,5,33,7,0,0,0,173,74,37,9,33,45,0.308,5.77,1,5,0,0,276,39
sparkgl01,Glenn Sparkman,2019,KCA,4,11,31,23,1,1,0,408,164,91,30,41,81,0.296,6.02,1,6,6,2,606,96
speiega01,Gabe Speier,2019,KCA,0,0,9,0,0,0,0,22,5,6,2,6,10,0.185,7.36,0,1,0,0,33,6
sprinje01,Jeffrey Springs,2019,TEX,4,1,25,0,0,0,0,97,38,23,4,23,32,0.295,6.4,0,0,0,0,155,23
stallja01,Jacob Stallings,2019,PIT,0,0,1,0,0,0,0,3,0,0,0,0,0,0,0,0,0,0,0,3,0
stammcr01,Craig Stammen,2019,SDN,8,7,76,0,0,0,4,246,80,30,13,15,73,0.251,3.29,2,0,2,0,339,36
stanery01,Ryne Stanek,4038,TBA+MIA,0,4,63,27,0,0,1,231,61,34,11,39,89,0.429,8.88,3,5,0,0,327,39
stashco01,Cody Stashak,2019,MIN,0,1,18,1,0,0,0,75,29,9,3,1,25,0.287,3.24,0,0,1,0,104,9
stassma01,Max Stassi,2019,HOU,0,0,1,0,0,0,0,1,0,0,0,0,0,0,0,0,0,0,0,1,0
staumjo01,Josh Staumont,2019,KCA,0,0,16,0,0,0,0,58,21,8,4,10,15,0.273,3.72,1,0,1,0,88,13
steckdr01,Drew Steckenrider,2019,MIA,0,2,15,0,0,0,0,43,9,10,6,5,14,0.173,6.28,0,0,1,0,58,10
stephro01,Robert Stephenson,2019,CIN,3,2,57,0,0,0,0,194,43,27,9,24,81,0.182,3.76,4,3,0,0,262,30
stewabr01,Brock Stewart,4038,LAN+TOR,4,0,13,0,0,0,0,77,37,28,11,8,19,0.833,26.310000000000002,0,2,3,0,124,29
stewako01,Kohl Stewart,2019,MIN,2,2,9,2,0,0,0,76,29,18,5,8,10,0.29,6.39,0,6,1,0,109,18
stjohlo01,Locke St. John,2019,TEX,0,0,7,0,0,0,0,20,7,4,0,4,5,0.241,5.4,0,0,0,0,33,4
stockro01,Robert Stock,2019,SDN,1,0,10,0,0,0,0,32,14,12,2,8,15,0.298,10.13,0,4,1,0,56,14
strahma01,Matt Strahm,2019,SDN,6,11,46,16,0,0,0,344,121,60,22,22,118,0.267,4.71,4,3,7,1,487,61
straida01,Dan Straily,2019,BAL,2,4,14,8,0,0,0,143,73,52,22,22,33,0.349,9.82,0,3,2,0,236,53
strasst01,Stephen Strasburg,2019,WAS,18,6,33,33,0,0,0,627,161,77,24,56,251,0.21,3.32,4,8,10,0,841,79
stratch01,Chris Stratton,4038,LAA+PIT,1,3,35,5,0,0,0,228,93,47,13,33,69,0.614,12.25,1,2,0,0,344,50
strichu01,Hunter Strickland,4038,SEA+WAS,2,1,28,0,0,0,2,73,22,15,6,8,18,0.41400000000000003,13.239999999999998,0,1,3,0,105,15
stripro01,Ross Stripling,2019,LAN,4,4,32,15,0,0,0,272,84,35,11,20,93,0.244,3.47,0,4,2,0,370,40
stromma01,Marcus Stroman,4038,TOR+NYN,10,13,32,32,0,0,0,553,183,66,18,58,159,0.525,6.73,1,7,1,0,774,77
stroppe01,Pedro Strop,2019,CHN,2,5,50,0,0,0,10,125,33,23,6,20,49,0.217,4.97,1,4,5,0,178,24
stumpda01,Daniel Stumpf,2019,DET,1,1,48,0,0,0,0,87,35,14,5,15,28,0.302,4.34,1,0,0,0,135,18
suarean01,Andrew Suarez,2019,SFN,0,2,21,2,0,0,0,98,39,21,7,14,25,0.302,5.79,2,2,1,0,148,23
suarejo01,Jose Suarez,2019,LAA,2,6,19,15,0,0,0,243,100,64,23,33,72,0.304,7.11,1,5,10,1,375,67
suarera01,Ranger Suarez,2019,PHI,6,1,37,0,0,0,0,146,52,17,6,12,42,0.278,3.14,2,1,1,1,205,18
sucreje01,Jesus Sucre,2019,BAL,0,0,1,0,0,0,0,3,0,0,0,0,0,0,0,0,0,0,0,3,0
suerowa01,Wander Suero,2019,WAS,6,9,78,0,0,0,1,214,64,36,5,26,81,0.242,4.54,3,2,3,1,296,36
sulseco01,Cole Sulser,2019,TBA,0,0,7,0,0,0,0,22,5,0,0,3,9,0.192,0,0,0,0,0,29,0
suterbr01,Brent Suter,2019,MIL,4,0,9,0,0,0,0,55,10,1,1,1,15,0.156,0.49,0,0,0,0,65,1
swanser01,Erik Swanson,2019,SEA,1,5,27,8,0,0,2,174,56,37,17,12,52,0.243,5.74,1,2,2,0,245,41
swarzan01,Anthony Swarzak,4038,SEA+ATL,3,4,59,0,0,0,4,160,52,27,12,27,52,0.502,9.579999999999998,3,2,0,0,234,30
syndeno01,Noah Syndergaard,2019,NYN,10,8,32,32,1,1,0,593,194,94,24,50,202,0.256,4.28,2,4,6,0,825,101
taillja01,Jameson Taillon,2019,PIT,2,3,7,7,1,0,0,112,34,17,4,8,30,0.231,4.1,1,1,2,0,158,24
tanakma01,Masahiro Tanaka,2019,NYA,11,9,32,31,1,1,0,546,186,90,28,40,149,0.261,4.45,0,7,2,0,759,95
tarplst01,Stephen Tarpley,2019,NYA,1,0,21,1,0,0,2,74,34,19,6,15,34,0.33,6.93,1,5,2,1,120,20
tatedi01,Dillon Tate,2019,BAL,0,2,16,0,0,0,0,63,18,15,3,9,20,0.231,6.43,0,2,5,0,93,15
taylojo02,Josh Taylor,2019,BOS,2,2,52,1,0,0,0,142,40,16,5,16,62,0.229,3.04,1,3,2,0,194,17
teherju01,Julio Teheran,2019,ATL,10,11,33,33,0,0,0,524,148,74,22,83,162,0.229,3.81,3,5,14,1,754,81
teperry01,Ryan Tepera,2019,TOR,0,2,23,1,0,0,0,65,20,12,5,8,14,0.25,4.98,2,2,0,0,91,12
thorntr01,Trent Thornton,2019,TOR,6,9,32,29,0,0,0,463,156,83,24,61,149,0.259,4.84,0,5,5,0,677,87
thornty01,Tyler Thornburg,2019,BOS,0,0,16,0,0,0,0,56,21,16,4,10,22,0.28,7.71,0,1,1,0,86,16
thorple01,Lewis Thorpe,2019,MIN,3,2,12,2,0,0,0,83,38,19,3,10,31,0.336,6.18,0,3,0,0,124,19
tinocje01,Jesus Tinoco,2019,COL,0,3,24,0,0,0,1,108,36,19,12,22,28,0.263,4.75,1,1,1,0,161,23
tomlijo01,Josh Tomlin,2019,ATL,2,1,51,1,0,0,2,238,82,33,14,7,51,0.267,3.74,0,2,0,0,320,35
torreca01,Carlos Torres,2019,DET,0,0,4,0,0,0,0,18,9,5,2,1,8,0.333,7.5,0,1,1,0,29,5
toussto01,Touki Toussaint,2019,ATL,4,0,24,1,0,0,0,125,44,26,5,26,45,0.27,5.62,2,6,7,0,198,28
treinbl01,Blake Treinen,2019,OAK,6,5,57,0,0,0,16,176,58,32,9,37,59,0.257,4.91,1,1,1,0,266,33
trivilo01,Lou Trivino,2019,OAK,4,6,61,0,0,0,0,180,61,35,7,31,57,0.265,5.25,2,7,3,0,269,40
tropeni01,Nick Tropeano,2019,LAA,0,1,3,1,0,0,0,41,18,15,6,6,10,0.316,9.88,0,0,2,0,66,15
tuivasa01,Sam Tuivailala,2019,SEA,1,0,23,2,0,0,0,69,13,6,1,11,27,0.163,2.35,0,1,2,0,94,6
turnbsp01,Spencer Turnbull,2019,DET,3,17,30,30,0,0,0,445,154,76,14,59,146,0.267,4.61,1,9,16,0,656,86
underdu01,Duane Underwood,2019,CHN,0,0,12,0,0,0,0,35,13,7,2,3,13,0.277,5.4,0,1,1,0,51,7
urenajo01,Jose Urena,2019,MIA,4,10,24,13,0,0,3,254,99,49,13,26,62,0.293,5.21,3,2,2,0,369,53
urenari01,Richard Urena,2019,TOR,0,0,1,0,0,0,0,3,4,4,1,1,0,0.571,36,0,0,0,0,8,4
uriasju01,Julio Urias,2019,LAN,4,3,37,8,0,0,4,239,59,22,7,27,85,0.201,2.49,1,2,5,1,326,28
urquijo01,Jose Urquidy,2019,HOU,2,1,9,7,0,0,0,123,38,18,6,7,40,0.241,3.95,0,4,0,0,167,18
valdefr01,Framber Valdez,2019,HOU,4,7,26,8,0,0,0,212,74,46,9,44,68,0.267,5.86,0,4,4,1,329,51
valdeph01,Phillips Valdez,2019,TEX,0,0,11,0,0,0,0,48,17,7,3,9,18,0.27,3.94,0,1,2,0,75,7
vargaja01,Jason Vargas,4038,NYN+PHI,7,9,30,29,1,1,0,449,141,75,21,63,124,0.512,9.379999999999999,2,5,6,0,649,84
vasquan02,Andrew Vasquez,2019,MIN,0,0,1,0,0,0,0,0,0,3,0,2,0,NA,NA,0,0,1,0,3,3
velasvi01,Vince Velasquez,2019,PHI,7,8,33,23,0,0,0,352,120,64,26,43,130,0.262,4.91,2,5,9,0,516,69
velazhe01,Hector Velazquez,2019,BOS,1,4,34,8,0,0,0,169,58,34,7,28,49,0.275,5.43,0,2,3,0,247,40
vendipa01,Pat Venditte,2019,SFN,0,0,2,0,0,0,0,10,4,6,1,2,2,0.286,16.2,0,0,3,0,19,6
ventejo01,Jonny Venters,4038,ATL+WAS,0,1,12,0,0,0,1,24,12,11,3,10,12,0.605,22.759999999999998,1,0,2,0,49,16
verhadr01,Drew VerHagen,2019,DET,4,3,22,4,0,0,0,174,70,38,9,23,51,0.304,5.9,1,3,4,0,258,40
verlaju01,Justin Verlander,2019,HOU,21,6,34,34,2,1,0,669,137,64,36,42,300,0.172,2.58,0,4,6,0,847,66
vieirth01,Thyago Vieira,2019,CHA,1,0,6,0,0,0,0,21,11,7,0,5,8,0.344,9,0,0,0,0,37,8
vinceni01,Nick Vincent,4038,SFN+PHI,1,4,32,1,0,0,0,134,47,22,8,12,47,0.506,7.51,3,0,4,1,194,23
vizcaar01,Arodys Vizcaino,2019,ATL,1,0,4,0,0,0,1,12,3,1,1,3,6,0.214,2.25,0,0,0,0,17,1
volqued01,Edinson Volquez,2019,TEX,0,1,11,4,0,0,0,48,20,12,3,12,10,0.317,6.75,0,3,0,0,75,12
vothau01,Austin Voth,2019,WAS,2,1,9,8,0,0,0,131,33,16,5,13,44,0.213,3.3,2,0,3,0,174,16
wachami01,Michael Wacha,2019,SLN,6,7,29,24,0,0,0,380,143,67,26,55,104,0.29,4.76,4,2,3,0,562,71
wagueja01,Jacob Waguespack,2019,TOR,5,5,16,13,0,0,0,234,75,38,12,29,63,0.249,4.38,0,2,5,0,335,43
wainwad01,Adam Wainwright,2019,SLN,14,10,31,31,0,0,0,515,181,80,22,64,153,0.273,4.19,7,2,8,0,745,83
waldema01,Marcus Walden,2019,BOS,9,2,70,0,0,0,2,234,61,33,6,32,76,0.213,3.81,1,6,5,1,327,38
walkeje02,Jeremy Walker,2019,ATL,0,0,6,0,0,0,0,28,9,2,0,4,6,0.265,1.93,0,0,0,0,38,2
walketa01,Taijuan Walker,2019,ARI,0,0,1,1,0,0,0,3,1,0,0,0,1,0.25,0,0,0,0,0,4,0
walshja01,Jared Walsh,2019,LAA,0,0,5,0,0,0,0,15,3,1,0,6,5,0.176,1.8,0,0,0,0,23,1
wangwe01,Wei-Chung Wang,4038,OAK+PIT,3,0,25,0,0,0,0,93,27,13,4,14,18,0.54,10.08,0,0,1,1,129,13
warread01,Adam Warren,2019,SDN,4,1,25,0,0,0,0,86,28,17,9,12,25,0.257,5.34,0,3,1,0,124,18
warrear01,Art Warren,2019,SEA,1,0,6,0,0,0,0,16,2,0,0,2,5,0.105,0,0,1,0,0,21,0
watsoto01,Tony Watson,2019,SFN,2,2,60,0,0,0,0,162,56,25,9,12,41,0.264,4.17,1,1,5,0,231,26
weavelu01,Luke Weaver,2019,ARI,4,3,12,12,0,0,0,193,55,21,6,14,69,0.227,2.94,1,0,3,0,260,22
webbja01,Jacob Webb,2019,ATL,4,0,36,0,0,0,2,97,24,5,4,12,28,0.205,1.39,0,3,1,0,131,10
webblo01,Logan Webb,2019,SFN,2,3,8,8,0,0,0,119,44,23,5,14,37,0.278,5.22,0,4,1,0,174,25
webbty01,Tyler Webb,2019,SLN,2,1,65,0,0,0,1,165,33,23,7,23,48,0.172,3.76,3,2,2,0,221,23
weberry01,Ryan Weber,2019,BOS,2,4,18,3,0,0,0,122,48,23,5,8,29,0.284,5.09,0,2,3,0,181,25
webstal01,Allen Webster,2019,CHN,0,0,12,0,0,0,1,33,14,6,2,5,9,0.304,4.91,2,3,1,0,52,7
wendejb01,J. B. Wendelken,2019,OAK,3,1,27,0,0,0,0,98,21,13,2,9,34,0.178,3.58,2,2,2,0,131,14
wheelza01,Zach Wheeler,2019,NYN,11,8,31,31,0,0,0,586,196,86,22,50,195,0.258,3.96,4,5,2,0,828,93
whitety01,Tyler White,2019,HOU,0,0,4,0,0,0,0,10,7,8,4,5,2,0.438,21.6,0,0,0,0,22,8
wickro01,Rowan Wick,2019,CHN,2,0,31,0,0,0,2,100,22,9,0,16,35,0.183,2.43,1,0,3,0,140,13
wieckbr01,Brad Wieck,4038,SDN+CHN,2,2,44,0,0,0,0,104,28,22,8,13,49,0.326,10.17,0,1,3,0,148,23
wilkeaa01,Aaron Wilkerson,2019,MIL,0,0,8,0,0,0,0,48,25,13,4,9,11,0.357,7.31,1,0,0,0,80,13
wilkest01,Stevie Wilkerson,2019,BAL,0,0,4,0,0,0,1,16,6,4,2,0,1,0.273,6.75,0,0,0,0,22,4
williau01,Austen Williams,2019,WAS,0,0,2,0,0,0,0,1,5,6,2,1,1,0.833,162,0,0,0,0,7,6
willide03,Devin Williams,2019,MIL,0,0,13,0,0,0,0,41,18,6,2,6,14,0.31,3.95,0,1,2,0,67,9
willita01,Taylor Williams,2019,MIL,1,1,10,0,0,0,0,44,22,16,1,7,15,0.344,9.82,2,1,2,0,73,17
willitr01,Trevor Williams,2019,PIT,7,9,26,26,0,0,0,437,162,87,27,44,113,0.284,5.38,3,2,7,0,636,93
wilsoal01,Alex Wilson,2019,MIL,1,1,13,0,0,0,1,34,15,12,3,9,13,0.313,9.53,2,2,0,0,57,12
wilsobr02,Bryse Wilson,2019,ATL,1,1,6,4,0,0,0,60,26,16,5,10,16,0.321,7.2,1,1,0,0,93,18
wilsoju10,Justin Wilson,2019,NYN,4,2,45,0,0,0,4,117,33,11,4,19,44,0.228,2.54,1,4,2,1,166,12
wingetr01,Trey Wingenter,2019,SDN,1,3,51,1,0,0,1,153,34,32,5,28,72,0.187,5.65,0,4,5,0,218,32
winklda01,Dan Winkler,2019,ATL,3,1,27,0,0,0,0,65,18,12,5,11,22,0.222,4.98,0,1,1,0,93,14
wislema01,Matt Wisler,4038,SDN+SEA,3,4,44,8,0,0,0,154,56,32,10,16,63,0.538,11.32,0,3,0,1,224,34
wittgni01,Nick Wittgren,2019,CLE,5,1,55,0,0,0,4,173,47,18,10,15,60,0.218,2.81,1,0,0,0,231,22
wojcias01,Asher Wojciechowski,2019,BAL,4,8,17,16,0,0,0,247,80,45,17,28,80,0.248,4.92,0,3,9,0,361,46
woodal02,Alex Wood,2019,CIN,1,3,7,7,0,0,0,107,41,23,11,9,30,0.291,5.8,0,0,1,0,153,25
woodhu01,Hunter Wood,4038,TBA+CLE,1,1,36,2,0,0,1,136,46,15,7,12,39,0.522,6.34,1,5,1,0,195,20
woodrbr01,Brandon Woodruff,2019,MIL,11,3,22,22,0,0,0,365,109,49,12,30,143,0.24,3.62,0,1,5,1,493,49
workmbr01,Brandon Workman,2019,BOS,10,1,73,0,0,0,16,215,29,15,1,45,104,0.123,1.88,4,4,2,1,286,18
wothema01,Matt Wotherspoon,2019,BAL,0,0,2,0,0,0,0,14,10,8,2,2,2,0.435,15.43,0,0,1,0,26,8
wrighky01,Kyle Wright,2019,ATL,0,3,7,4,0,0,0,59,24,19,4,13,18,0.304,8.69,1,2,1,0,93,19
wrighmi01,Mike Wright,4038,BAL+SEA,0,1,19,0,0,0,1,88,44,26,6,12,30,0.675,16.2,1,2,2,0,147,30
wrighst01,Steven Wright,2019,BOS,0,1,6,0,0,0,0,19,11,6,3,4,5,0.407,8.53,0,0,1,0,33,6
yacabji01,Jimmy Yacabonis,2019,BAL,1,2,29,4,0,0,0,123,51,31,9,24,33,0.307,6.8,0,4,2,0,193,32
yamamjo01,Jordan Yamamoto,2019,MIA,4,5,15,15,0,0,0,236,54,39,11,36,82,0.191,4.46,1,5,5,0,325,42
yarbrry01,Ryan Yarbrough,2019,TBA,11,6,28,14,0,0,0,425,121,65,15,20,117,0.228,4.13,2,0,9,1,563,69
yardler01,Eric Yardley,2019,SDN,0,1,10,0,0,0,0,35,12,3,1,3,7,0.261,2.31,0,0,1,0,52,5
yateski01,Kirby Yates,2019,SDN,0,5,60,0,0,0,41,182,41,8,2,13,101,0.186,1.19,1,2,7,0,243,14
ynoaga01,Gabriel Ynoa,2019,BAL,1,10,36,13,0,0,0,332,126,69,29,26,67,0.28,5.61,1,4,3,1,480,77
ynoahu01,Huascar Ynoa,2019,ATL,0,0,2,0,0,0,0,9,6,6,1,1,3,0.4,18,0,0,0,0,16,6
youngal01,Alex Young,2019,ARI,7,5,17,15,0,0,0,250,72,33,14,27,71,0.229,3.56,4,2,4,0,349,40
zamorda01,Daniel Zamora,2019,NYN,0,1,17,0,0,0,0,26,10,5,1,5,8,0.294,5.19,1,0,1,0,41,5
zeuchtj01,T. J. Zeuch,2019,TOR,1,2,5,3,0,0,0,68,22,12,2,11,20,0.25,4.76,0,2,0,0,99,13
zimmejo02,Jordan Zimmermann,2019,DET,1,13,23,23,0,0,0,336,145,86,19,25,82,0.311,6.91,2,3,6,0,504,89
zimmeky01,Kyle Zimmer,2019,KCA,0,1,15,0,0,0,0,55,28,22,2,19,18,0.337,10.8,0,2,0,0,102,22
zobribe01,Ben Zobrist,2019,CHN,0,0,1,0,0,0,0,3,0,0,0,2,1,0,0,0,0,0,0,5,0
